generation,avg_fitness_div,avg_hamming_div,avg_nntd_div,avg_maxfitness,COUNT(*)
501,0.0278000000,0.0215390800,0.0871368000,68.77,100
500,0.0279000000,0.0215275600,0.0853869400,68.77,100
499,0.0281000000,0.0215359700,0.0856744000,68.77,100
498,0.0281000000,0.0215482800,0.0864513800,68.77,100
497,0.0281000000,0.0215563000,0.0856784500,68.77,100
496,0.0282000000,0.0216287600,0.0853659600,68.77,100
495,0.0283000000,0.0216297400,0.0853138000,68.76,100
494,0.0283000000,0.0216180200,0.0849161100,68.75,100
493,0.0284000000,0.0216104600,0.0832464600,68.75,100
492,0.0284000000,0.0216688600,0.0857621800,68.75,100
491,0.0284000000,0.0217299300,0.0874350500,68.75,100
490,0.0284000000,0.0217106000,0.0871476500,68.75,100
489,0.0284000000,0.0217899200,0.0863727700,68.75,100
488,0.0287000000,0.0217958000,0.0842564500,68.75,100
487,0.0287000000,0.0218006500,0.0853661800,68.75,100
486,0.0286000000,0.0218008000,0.0848386400,68.74,100
485,0.0286000000,0.0218036700,0.0875853600,68.74,100
484,0.0288000000,0.0218197100,0.0824580300,68.74,100
483,0.0289000000,0.0218226800,0.0860898600,68.7,100
482,0.0289000000,0.0218366300,0.0853301700,68.69,100
481,0.0289000000,0.0218364600,0.0849996000,68.69,100
480,0.0291000000,0.0218419500,0.0851681000,68.69,100
479,0.0291000000,0.0218561100,0.0843078500,68.69,100
478,0.0290000000,0.0218685200,0.0849697400,68.68,100
477,0.0290000000,0.0218779700,0.0833217800,68.68,100
476,0.0289000000,0.0218831900,0.0872917400,68.66,100
475,0.0292000000,0.0219092400,0.0834659100,68.66,100
474,0.0293000000,0.0219201100,0.0849812900,68.66,100
473,0.0293000000,0.0219456500,0.0868902800,68.66,100
472,0.0293000000,0.0219557500,0.0871020700,68.66,100
471,0.0291000000,0.0219674000,0.0853739600,68.65,100
470,0.0292000000,0.0219841500,0.0861291600,68.65,100
469,0.0292000000,0.0220342900,0.0871413800,68.65,100
468,0.0296000000,0.0220894200,0.0864558200,68.65,100
467,0.0297000000,0.0221038500,0.0847331000,68.65,100
466,0.0297000000,0.0221139800,0.0864033100,68.65,100
465,0.0297000000,0.0222053000,0.0849877400,68.65,100
464,0.0299000000,0.0222983300,0.0864799500,68.65,100
463,0.0299000000,0.0223010200,0.0865961500,68.65,100
462,0.0300000000,0.0223674500,0.0852586100,68.65,100
461,0.0301000000,0.0223841000,0.0863155200,68.65,100
460,0.0302000000,0.0223904200,0.0835449600,68.65,100
459,0.0302000000,0.0224162600,0.0844765200,68.61,100
458,0.0301000000,0.0224231400,0.0858175300,68.6,100
457,0.0301000000,0.0224615600,0.0875882600,68.6,100
456,0.0302000000,0.0224704600,0.0866113000,68.6,100
455,0.0303000000,0.0224568000,0.0885827800,68.6,100
454,0.0303000000,0.0224738500,0.0886112100,68.6,100
453,0.0301000000,0.0224949800,0.0877713000,68.59,100
452,0.0304000000,0.0225197000,0.0873132500,68.59,100
451,0.0303000000,0.0225524300,0.0860988200,68.58,100
450,0.0304000000,0.0227256400,0.0883473500,68.58,100
449,0.0305000000,0.0228499500,0.0890497000,68.58,100
448,0.0305000000,0.0229399200,0.0878861300,68.58,100
447,0.0309000000,0.0229714100,0.0891679000,68.58,100
446,0.0308000000,0.0230342900,0.0891255400,68.57,100
445,0.0309000000,0.0230940900,0.0886442600,68.57,100
444,0.0311000000,0.0231136500,0.0912358800,68.56,100
443,0.0311000000,0.0231237600,0.0896709300,68.56,100
442,0.0311000000,0.0231323200,0.0892413100,68.56,100
441,0.0310000000,0.0231682100,0.0884746600,68.56,100
440,0.0310000000,0.0231784700,0.0888994500,68.54,100
439,0.0313000000,0.0232077300,0.0915558300,68.54,100
438,0.0312000000,0.0232291600,0.0899392800,68.51,100
437,0.0315000000,0.0232460700,0.0913665400,68.51,100
436,0.0316000000,0.0232531300,0.0920699200,68.51,100
435,0.0317000000,0.0233587800,0.0904853700,68.51,100
434,0.0317000000,0.0233638800,0.0918212100,68.5,100
433,0.0316000000,0.0233903000,0.0915206100,68.5,100
432,0.0314000000,0.0234053200,0.0925930300,68.47,100
431,0.0316000000,0.0234175700,0.0944557600,68.47,100
430,0.0317000000,0.0234366100,0.0918502500,68.47,100
429,0.0316000000,0.0234430200,0.0929328400,68.47,100
428,0.0317000000,0.0234710900,0.0924831500,68.47,100
427,0.0318000000,0.0235556000,0.0912181600,68.47,100
426,0.0319000000,0.0235709300,0.0912857500,68.46,100
425,0.0321000000,0.0236455500,0.0933670300,68.46,100
424,0.0319000000,0.0236541100,0.0941115900,68.44,100
423,0.0318000000,0.0237175500,0.0929614700,68.43,100
422,0.0318000000,0.0237232900,0.0916030600,68.43,100
421,0.0320000000,0.0237306400,0.0922685800,68.43,100
420,0.0321000000,0.0237522700,0.0936805300,68.43,100
419,0.0320000000,0.0238036000,0.0942469500,68.41,100
418,0.0320000000,0.0238169100,0.0941393600,68.41,100
417,0.0321000000,0.0238262100,0.0933232000,68.41,100
416,0.0324000000,0.0238284400,0.0942320800,68.4,100
415,0.0324000000,0.0238416500,0.0943521200,68.39,100
414,0.0326000000,0.0238745400,0.0939860200,68.39,100
413,0.0327000000,0.0239429700,0.0944869600,68.37,100
412,0.0327000000,0.0239495200,0.0952953100,68.37,100
411,0.0328000000,0.0239596400,0.0968091800,68.36,100
410,0.0328000000,0.0240181900,0.0928192200,68.36,100
409,0.0329000000,0.0241016800,0.0920813600,68.36,100
408,0.0331000000,0.0241064900,0.0951051700,68.36,100
407,0.0331000000,0.0241097800,0.0967062100,68.35,100
406,0.0330000000,0.0242106300,0.0967636700,68.34,100
405,0.0329000000,0.0242187800,0.0958586500,68.31,100
404,0.0330000000,0.0242288600,0.0958105800,68.31,100
403,0.0329000000,0.0242403000,0.0939180400,68.3,100
402,0.0327000000,0.0242460800,0.0939440000,68.29,100
401,0.0329000000,0.0243183800,0.0977289000,68.29,100
400,0.0330000000,0.0243357800,0.0932413300,68.29,100
399,0.0332000000,0.0244181400,0.0960769400,68.29,100
398,0.0331000000,0.0244169600,0.0938554900,68.28,100
397,0.0330000000,0.0244906100,0.0955949000,68.27,100
396,0.0331000000,0.0245008800,0.0942057700,68.27,100
395,0.0332000000,0.0245712300,0.0962645300,68.27,100
394,0.0334000000,0.0245764800,0.0952764300,68.27,100
393,0.0333000000,0.0245916800,0.0967895000,68.27,100
392,0.0331000000,0.0246746100,0.0979234800,68.25,100
391,0.0331000000,0.0247731300,0.0958815700,68.25,100
390,0.0331000000,0.0247816600,0.0963358300,68.24,100
389,0.0337000000,0.0248003500,0.0977491600,68.24,100
388,0.0338000000,0.0248647100,0.0958737200,68.24,100
387,0.0338000000,0.0249338400,0.0960957600,68.23,100
386,0.0338000000,0.0249467500,0.0979456100,68.23,100
385,0.0338000000,0.0249625000,0.0981473400,68.23,100
384,0.0339000000,0.0250406800,0.0986200600,68.23,100
383,0.0339000000,0.0251371900,0.0954179500,68.22,100
382,0.0338000000,0.0252233100,0.1002919400,68.21,100
381,0.0339000000,0.0252871700,0.1014123800,68.2,100
380,0.0342000000,0.0252904300,0.0978485000,68.2,100
379,0.0343000000,0.0254478400,0.0998204400,68.2,100
378,0.0346000000,0.0255550300,0.0981146200,68.2,100
377,0.0346000000,0.0255660300,0.0992886100,68.19,100
376,0.0348000000,0.0255745700,0.1006750100,68.19,100
375,0.0349000000,0.0256017600,0.0999597200,68.19,100
374,0.0349000000,0.0256203000,0.1005659500,68.18,100
373,0.0349000000,0.0257271300,0.0986150100,68.17,100
372,0.0350000000,0.0257361600,0.1001747300,68.17,100
371,0.0352000000,0.0257453100,0.0976625100,68.17,100
370,0.0353000000,0.0258896500,0.1012004600,68.17,100
369,0.0356000000,0.0260207000,0.1009815300,68.16,100
368,0.0356000000,0.0260559600,0.1015735300,68.16,100
367,0.0357000000,0.0261500300,0.1008066100,68.15,100
366,0.0357000000,0.0261660300,0.1011430000,68.14,100
365,0.0360000000,0.0262405900,0.1012871900,68.14,100
364,0.0363000000,0.0263342300,0.1018086700,68.13,100
363,0.0364000000,0.0264867200,0.1029191800,68.12,100
362,0.0366000000,0.0266101400,0.1018046700,68.1,100
361,0.0369000000,0.0267052900,0.1022641200,68.04,100
360,0.0368000000,0.0268094100,0.1033830700,68.03,100
359,0.0367000000,0.0269047100,0.1004654800,68.02,100
358,0.0366000000,0.0269590800,0.1043129900,67.98,100
357,0.0367000000,0.0270002000,0.1027513100,67.95,100
356,0.0369000000,0.0270090900,0.1030057800,67.95,100
355,0.0368000000,0.0270338800,0.1011488100,67.95,100
354,0.0368000000,0.0270808600,0.1012167900,67.92,100
353,0.0366000000,0.0270960500,0.1014076800,67.89,100
352,0.0365000000,0.0271819000,0.1035919100,67.89,100
351,0.0363000000,0.0272171700,0.1010692800,67.89,100
350,0.0366000000,0.0272558700,0.1002036100,67.87,100
349,0.0366000000,0.0272606700,0.1020446400,67.86,100
348,0.0372000000,0.0272744400,0.0998968500,67.86,100
347,0.0372000000,0.0273885600,0.1021914800,67.81,100
346,0.0374000000,0.0274892800,0.1026598300,67.81,100
345,0.0375000000,0.0275964800,0.1018144100,67.78,100
344,0.0378000000,0.0276865100,0.1030225400,67.78,100
343,0.0377000000,0.0277320000,0.1023115700,67.77,100
342,0.0378000000,0.0278037900,0.1061698300,67.77,100
341,0.0378000000,0.0278689900,0.1017272100,67.76,100
340,0.0379000000,0.0278906800,0.1048321200,67.76,100
339,0.0379000000,0.0279081800,0.1051775200,67.76,100
338,0.0382000000,0.0279322700,0.1035679400,67.76,100
337,0.0380000000,0.0279986100,0.1015076900,67.75,100
336,0.0380000000,0.0280958300,0.1050305200,67.74,100
335,0.0381000000,0.0281191100,0.1046203700,67.74,100
334,0.0382000000,0.0281574400,0.1038836000,67.73,100
333,0.0382000000,0.0281765200,0.1040510100,67.73,100
332,0.0383000000,0.0281991800,0.1052895000,67.7,100
331,0.0383000000,0.0284400700,0.1029594400,67.7,100
330,0.0384000000,0.0284694100,0.1050026000,67.69,100
329,0.0385000000,0.0284852600,0.1074393000,67.69,100
328,0.0386000000,0.0285796900,0.1081378000,67.69,100
327,0.0385000000,0.0286602500,0.1066008900,67.67,100
326,0.0387000000,0.0286417900,0.1072829600,67.67,100
325,0.0388000000,0.0286456700,0.1066110500,67.67,100
324,0.0390000000,0.0287076600,0.1079534400,67.66,100
323,0.0390000000,0.0287131300,0.1049132200,67.66,100
322,0.0391000000,0.0288018700,0.1060116000,67.64,100
321,0.0395000000,0.0288243100,0.1080414900,67.63,100
320,0.0397000000,0.0289724900,0.1058899000,67.63,100
319,0.0399000000,0.0289827500,0.1097764400,67.63,100
318,0.0397000000,0.0291379500,0.1088423000,67.55,100
317,0.0395000000,0.0291785000,0.1089620600,67.54,100
316,0.0395000000,0.0292550000,0.1091542000,67.5,100
315,0.0396000000,0.0292851600,0.1085731000,67.49,100
314,0.0397000000,0.0293060200,0.1095290700,67.49,100
313,0.0398000000,0.0294911700,0.1068526400,67.49,100
312,0.0399000000,0.0296133300,0.1093130200,67.49,100
311,0.0400000000,0.0297392500,0.1086349000,67.48,100
310,0.0403000000,0.0297604600,0.1095646500,67.48,100
309,0.0401000000,0.0297964900,0.1118203100,67.45,100
308,0.0405000000,0.0298947900,0.1094738000,67.45,100
307,0.0407000000,0.0299172100,0.1104154300,67.45,100
306,0.0406000000,0.0300230600,0.1103858100,67.44,100
305,0.0406000000,0.0302042100,0.1116629900,67.44,100
304,0.0410000000,0.0303894500,0.1102752500,67.41,100
303,0.0412000000,0.0304583200,0.1106605500,67.41,100
302,0.0413000000,0.0304915900,0.1116650700,67.41,100
301,0.0416000000,0.0305539400,0.1092377200,67.4,100
300,0.0415000000,0.0306216200,0.1137487400,67.38,100
299,0.0417000000,0.0306647200,0.1121444400,67.38,100
298,0.0416000000,0.0306687500,0.1123073700,67.36,100
297,0.0417000000,0.0306822100,0.1125887700,67.35,100
296,0.0422000000,0.0308840300,0.1112424800,67.34,100
295,0.0424000000,0.0310126200,0.1136574700,67.34,100
294,0.0426000000,0.0310457400,0.1160392200,67.33,100
293,0.0429000000,0.0312311600,0.1141195400,67.33,100
292,0.0437000000,0.0312912700,0.1167630900,67.33,100
291,0.0438000000,0.0313750400,0.1146467800,67.33,100
290,0.0437000000,0.0314188600,0.1153344500,67.32,100
289,0.0439000000,0.0316120200,0.1190443800,67.31,100
288,0.0442000000,0.0317086600,0.1162706000,67.31,100
287,0.0444000000,0.0318038300,0.1162466100,67.31,100
286,0.0449000000,0.0319003600,0.1183570000,67.31,100
285,0.0455000000,0.0320304400,0.1174079400,67.31,100
284,0.0456000000,0.0320983300,0.1174702000,67.3,100
283,0.0457000000,0.0322041500,0.1183161800,67.3,100
282,0.0460000000,0.0322855600,0.1159326400,67.3,100
281,0.0462000000,0.0323632600,0.1202098600,67.28,100
280,0.0462000000,0.0325709000,0.1188786300,67.27,100
279,0.0462000000,0.0326234300,0.1172583300,67.25,100
278,0.0461000000,0.0327090200,0.1202630800,67.25,100
277,0.0462000000,0.0328237200,0.1187229400,67.24,100
276,0.0466000000,0.0328422900,0.1177154800,67.24,100
275,0.0471000000,0.0329394000,0.1182115600,67.24,100
274,0.0474000000,0.0329800000,0.1197094000,67.24,100
273,0.0476000000,0.0330209600,0.1191501500,67.24,100
272,0.0475000000,0.0330324600,0.1196555000,67.22,100
271,0.0476000000,0.0331451400,0.1186280700,67.19,100
270,0.0476000000,0.0333036300,0.1193806900,67.16,100
269,0.0475000000,0.0333508400,0.1169369800,67.16,100
268,0.0476000000,0.0333955500,0.1189435800,67.09,100
267,0.0476000000,0.0334702200,0.1219751000,67.09,100
266,0.0481000000,0.0335186100,0.1217442700,67.09,100
265,0.0482000000,0.0336473800,0.1218622500,67.07,100
264,0.0481000000,0.0337654700,0.1214618200,67.04,100
263,0.0487000000,0.0340205800,0.1216382700,67.04,100
262,0.0491000000,0.0340490700,0.1239495800,67.02,100
261,0.0498000000,0.0341266200,0.1237927800,67.02,100
260,0.0496000000,0.0342190800,0.1245897500,67.02,100
259,0.0499000000,0.0342584100,0.1233506900,67.02,100
258,0.0500000000,0.0343789900,0.1225092300,67.01,100
257,0.0498000000,0.0344302800,0.1247952800,67,100
256,0.0501000000,0.0346128300,0.1264290400,66.96,100
255,0.0501000000,0.0348495800,0.1271545600,66.94,100
254,0.0501000000,0.0350217600,0.1277373400,66.92,100
253,0.0504000000,0.0351258800,0.1286775700,66.92,100
252,0.0506000000,0.0352613900,0.1271086200,66.92,100
251,0.0506000000,0.0354228600,0.1295688900,66.92,100
250,0.0509000000,0.0356941300,0.1320691800,66.91,100
249,0.0512000000,0.0359186000,0.1319302300,66.91,100
248,0.0515000000,0.0361348200,0.1318123900,66.9,100
247,0.0519000000,0.0361994400,0.1299640100,66.9,100
246,0.0525000000,0.0363178600,0.1305538500,66.9,100
245,0.0526000000,0.0364178100,0.1320036800,66.9,100
244,0.0527000000,0.0365917000,0.1335121100,66.89,100
243,0.0530000000,0.0368011100,0.1337647600,66.88,100
242,0.0531000000,0.0369808200,0.1339016300,66.88,100
241,0.0532000000,0.0370647500,0.1331238100,66.87,100
240,0.0529000000,0.0372584000,0.1338343300,66.8,100
239,0.0531000000,0.0373806200,0.1353839900,66.79,100
238,0.0534000000,0.0374638300,0.1363582800,66.79,100
237,0.0535000000,0.0375764300,0.1354068400,66.78,100
236,0.0540000000,0.0376405800,0.1360890000,66.74,100
235,0.0540000000,0.0377332500,0.1370191300,66.71,100
234,0.0542000000,0.0376762700,0.1341512800,66.7,100
233,0.0543000000,0.0378359700,0.1346548000,66.7,100
232,0.0541000000,0.0380615100,0.1356913200,66.67,100
231,0.0548000000,0.0381871000,0.1374336100,66.65,100
230,0.0547000000,0.0383385500,0.1356296800,66.62,100
229,0.0549000000,0.0384260200,0.1372274200,66.57,100
228,0.0552000000,0.0386649200,0.1362389800,66.54,100
227,0.0556000000,0.0388664700,0.1369700000,66.52,100
226,0.0556000000,0.0389363600,0.1404387800,66.49,100
225,0.0560000000,0.0392027100,0.1390693000,66.49,100
224,0.0567000000,0.0395810300,0.1396279500,66.46,100
223,0.0568000000,0.0397239600,0.1401065000,66.43,100
222,0.0571000000,0.0398816800,0.1390346800,66.41,100
221,0.0573000000,0.0402010900,0.1403143300,66.4,100
220,0.0577000000,0.0402744600,0.1411941200,66.38,100
219,0.0582000000,0.0405770400,0.1413603200,66.37,100
218,0.0589000000,0.0408664800,0.1393704100,66.36,100
217,0.0586000000,0.0411215000,0.1410587400,66.32,100
216,0.0588000000,0.0414314400,0.1424790800,66.31,100
215,0.0591000000,0.0417203600,0.1458363000,66.29,100
214,0.0596000000,0.0421225000,0.1482326500,66.29,100
213,0.0596000000,0.0423734300,0.1475670200,66.23,100
212,0.0597000000,0.0426795500,0.1484967200,66.22,100
211,0.0601000000,0.0429957700,0.1465236400,66.21,100
210,0.0605000000,0.0434587000,0.1477521500,66.21,100
209,0.0609000000,0.0437273800,0.1476102500,66.21,100
208,0.0610000000,0.0440695200,0.1510006400,66.16,100
207,0.0617000000,0.0442689300,0.1530165800,66.13,100
206,0.0617000000,0.0444232000,0.1503494000,66.11,100
205,0.0615000000,0.0446197500,0.1512857600,66.1,100
204,0.0616000000,0.0449186100,0.1556653600,66.09,100
203,0.0617000000,0.0452383600,0.1532441200,66.09,100
202,0.0619000000,0.0454122800,0.1506271000,66.07,100
201,0.0620000000,0.0455890100,0.1523069400,66.05,100
200,0.0626000000,0.0459883200,0.1522002800,66.05,100
199,0.0630000000,0.0461687200,0.1552129700,66.04,100
198,0.0631000000,0.0463838800,0.1557707400,65.98,100
197,0.0628000000,0.0467317800,0.1562961600,65.92,100
196,0.0634000000,0.0469349300,0.1584686800,65.91,100
195,0.0635000000,0.0472989200,0.1586601300,65.89,100
194,0.0638000000,0.0474164200,0.1584693400,65.89,100
193,0.0641000000,0.0477731600,0.1596614200,65.87,100
192,0.0647000000,0.0481863800,0.1634409300,65.83,100
191,0.0650000000,0.0482907500,0.1616524300,65.83,100
190,0.0656000000,0.0484531200,0.1643163600,65.74,100
189,0.0660000000,0.0490078800,0.1633144800,65.71,100
188,0.0660000000,0.0492557400,0.1658047300,65.64,100
187,0.0666000000,0.0495016700,0.1641775500,65.62,100
186,0.0672000000,0.0498229700,0.1686240300,65.62,100
185,0.0674000000,0.0501512700,0.1677876200,65.6,100
184,0.0676000000,0.0503279500,0.1680717600,65.58,100
183,0.0681000000,0.0508461700,0.1692243500,65.57,100
182,0.0682000000,0.0511426800,0.1682812900,65.55,100
181,0.0691000000,0.0516267900,0.1706770300,65.55,100
180,0.0698000000,0.0519794000,0.1697999000,65.54,100
179,0.0700000000,0.0521943400,0.1706247000,65.48,100
178,0.0708000000,0.0524739100,0.1722780500,65.47,100
177,0.0712000000,0.0526637100,0.1730203400,65.47,100
176,0.0718000000,0.0528252700,0.1720908800,65.43,100
175,0.0722000000,0.0531253600,0.1727310200,65.41,100
174,0.0731000000,0.0536163400,0.1787918100,65.41,100
173,0.0748000000,0.0538889000,0.1772914200,65.41,100
172,0.0748000000,0.0541024600,0.1792449300,65.39,100
171,0.0762000000,0.0545422500,0.1779275700,65.38,100
170,0.0768000000,0.0548793900,0.1816503300,65.35,100
169,0.0775000000,0.0552130500,0.1858543000,65.32,100
168,0.0786000000,0.0554620100,0.1842381700,65.3,100
167,0.0791000000,0.0558894500,0.1878394600,65.27,100
166,0.0803000000,0.0564686500,0.1884524700,65.25,100
165,0.0805000000,0.0568805100,0.1898203600,65.17,100
164,0.0803000000,0.0573860100,0.1921607600,65.17,100
163,0.0813000000,0.0576718900,0.1918644400,65.16,100
162,0.0821000000,0.0580152400,0.1935155600,65.1,100
161,0.0828000000,0.0584647600,0.1937416300,65.06,100
160,0.0838000000,0.0589380800,0.1955230900,65.05,100
159,0.0843000000,0.0595482200,0.1960426000,64.98,100
158,0.0841000000,0.0600076700,0.1967657800,64.95,100
157,0.0845000000,0.0603109000,0.1987011900,64.92,100
156,0.0852000000,0.0608701600,0.1980468200,64.78,100
155,0.0846000000,0.0614066100,0.1983000800,64.76,100
154,0.0852000000,0.0616988600,0.2030116100,64.71,100
153,0.0858000000,0.0622830200,0.2053114100,64.69,100
152,0.0861000000,0.0628164600,0.2036199800,64.66,100
151,0.0863000000,0.0633716700,0.2086848000,64.63,100
150,0.0880000000,0.0642251900,0.2093909100,64.6,100
149,0.0883000000,0.0645902900,0.2145334800,64.58,100
148,0.0895000000,0.0653360400,0.2128435900,64.51,100
147,0.0898000000,0.0660296200,0.2131930500,64.46,100
146,0.0904000000,0.0666510200,0.2167060900,64.4,100
145,0.0911000000,0.0671757200,0.2180583900,64.37,100
144,0.0919000000,0.0679376400,0.2196778900,64.33,100
143,0.0936000000,0.0685259600,0.2237391900,64.28,100
142,0.0938000000,0.0693318100,0.2264865700,64.24,100
141,0.0941000000,0.0700600000,0.2267215300,64.22,100
140,0.0944000000,0.0706369100,0.2274296500,64.14,100
139,0.0953000000,0.0710389800,0.2302742400,64.1,100
138,0.0972000000,0.0715885600,0.2315953700,64.04,100
137,0.0989000000,0.0722941500,0.2314663400,63.96,100
136,0.0986000000,0.0730380300,0.2354676500,63.92,100
135,0.0992000000,0.0738087500,0.2368706600,63.87,100
134,0.0995000000,0.0748284400,0.2353931700,63.84,100
133,0.1003000000,0.0756278700,0.2393951100,63.81,100
132,0.1009000000,0.0762301800,0.2393341900,63.76,100
131,0.1011000000,0.0770257800,0.2416106200,63.71,100
130,0.1019000000,0.0776263300,0.2415225000,63.7,100
129,0.1033000000,0.0782709800,0.2419044600,63.64,100
128,0.1053000000,0.0788928500,0.2445369700,63.63,100
127,0.1066000000,0.0796236700,0.2501684300,63.58,100
126,0.1093000000,0.0803227300,0.2499506600,63.57,100
125,0.1105000000,0.0810517300,0.2526487200,63.49,100
124,0.1122000000,0.0818920300,0.2557725800,63.43,100
123,0.1132000000,0.0827757200,0.2541363000,63.4,100
122,0.1141000000,0.0838754700,0.2608394600,63.31,100
121,0.1152000000,0.0847642700,0.2657740600,63.27,100
120,0.1165000000,0.0854148700,0.2644692200,63.24,100
119,0.1163000000,0.0866382900,0.2695605000,63.1,100
118,0.1186000000,0.0878156100,0.2726262200,63.08,100
117,0.1198000000,0.0886775200,0.2748663900,63.02,100
116,0.1220000000,0.0895038100,0.2781216200,62.98,100
115,0.1234000000,0.0906168700,0.2841418700,62.94,100
114,0.1254000000,0.0914981800,0.2859862700,62.93,100
113,0.1269000000,0.0928525400,0.2905513700,62.88,100
112,0.1283000000,0.0939513100,0.2956518800,62.79,100
111,0.1294000000,0.0953114200,0.3019459400,62.66,100
110,0.1311000000,0.0961250900,0.3008190400,62.59,100
109,0.1339000000,0.0974393400,0.3044043900,62.57,100
108,0.1356000000,0.0989173000,0.3069306500,62.44,100
107,0.1369000000,0.1002071400,0.3093055000,62.44,100
106,0.1383000000,0.1019047700,0.3156445100,62.36,100
105,0.1397000000,0.1036515900,0.3191071700,62.27,100
104,0.1425000000,0.1052939000,0.3265504100,62.2,100
103,0.1434000000,0.1063695000,0.3278965600,62.15,100
102,0.1460000000,0.1076526800,0.3326604600,62.07,100
101,0.1470000000,0.1092474800,0.3371257600,62,100
100,0.1476000000,0.1104961200,0.3400402200,61.92,100
99,0.1486000000,0.1119865600,0.3407736500,61.82,100
98,0.1493000000,0.1133413700,0.3447477800,61.61,100
97,0.1507000000,0.1150993400,0.3523048300,61.42,100
96,0.1528000000,0.1168323400,0.3552944400,61.33,100
95,0.1544000000,0.1187490100,0.3597552200,61.26,100
94,0.1569000000,0.1201495500,0.3642789500,61.19,100
93,0.1582000000,0.1218171100,0.3649587200,61.08,100
92,0.1594000000,0.1236644300,0.3703484000,60.96,100
91,0.1617000000,0.1254598500,0.3692092300,60.87,100
90,0.1633000000,0.1272161800,0.3763536800,60.75,100
89,0.1631000000,0.1287908900,0.3790199900,60.64,100
88,0.1640000000,0.1305396500,0.3846921700,60.43,100
87,0.1670000000,0.1321028600,0.3911472600,60.3,100
86,0.1685000000,0.1340714100,0.3967027500,60.16,100
85,0.1704000000,0.1361033400,0.4000903300,60.07,100
84,0.1713000000,0.1379592100,0.4081965600,59.88,100
83,0.1737000000,0.1397562000,0.4118635400,59.67,100
82,0.1747000000,0.1421163800,0.4230897100,59.49,100
81,0.1763000000,0.1444222500,0.4261029700,59.28,100
80,0.1791000000,0.1466530600,0.4328476400,59.15,100
79,0.1811000000,0.1491039200,0.4403917700,58.92,100
78,0.1829000000,0.1517996600,0.4456464900,58.63,100
77,0.1846000000,0.1539239200,0.4539600500,58.48,100
76,0.1855000000,0.1566175200,0.4638467600,58.29,100
75,0.1882000000,0.1592288800,0.4697752500,58.12,100
74,0.1906000000,0.1624919200,0.4742242900,58.1,100
73,0.1911000000,0.1653979300,0.4825350000,57.88,100
72,0.1925000000,0.1681501300,0.4913995900,57.72,100
71,0.1940000000,0.1710567200,0.4988040500,57.54,100
70,0.1930000000,0.1737879800,0.5060130200,57.21,100
69,0.1953000000,0.1765587800,0.5087765400,56.95,100
68,0.1952000000,0.1793560800,0.5139347200,56.65,100
67,0.1976000000,0.1828630800,0.5208525200,56.43,100
66,0.1983000000,0.1862513100,0.5252132900,56.26,100
65,0.1984000000,0.1890468200,0.5306021600,55.91,100
64,0.2006000000,0.1926182900,0.5356581700,55.6,100
63,0.1998000000,0.1954482400,0.5453886200,55.16,100
62,0.2014000000,0.1993830800,0.5487991300,54.86,100
61,0.2023000000,0.2025121900,0.5591721100,54.63,100
60,0.2038000000,0.2058325700,0.5657200600,54.34,100
59,0.2039000000,0.2097293000,0.5757023700,54.17,100
58,0.2056000000,0.2135840400,0.5803638300,53.76,100
57,0.2060000000,0.2169797000,0.5875136900,53.5,100
56,0.2067000000,0.2207076800,0.5940450500,53.15,100
55,0.2100000000,0.2240683700,0.6030734600,53.03,100
54,0.2121000000,0.2277860700,0.6103108200,52.85,100
53,0.2121000000,0.2321477700,0.6181268900,52.5,100
52,0.2138000000,0.2365353800,0.6269092000,52,100
51,0.2145000000,0.2406504000,0.6353982700,51.75,100
50,0.2147000000,0.2447864000,0.6425085800,51.35,100
49,0.2182000000,0.2490934300,0.6523569800,51.11,100
48,0.2189000000,0.2528780800,0.6625700400,50.77,100
47,0.2181000000,0.2569737500,0.6716226100,50.23,100
46,0.2169000000,0.2609460500,0.6792517100,49.96,100
45,0.2183000000,0.2649679400,0.6896853700,49.62,100
44,0.2175000000,0.2684448200,0.6933309400,49.39,100
43,0.2170000000,0.2726974100,0.7004107200,49.17,100
42,0.2189000000,0.2764717100,0.7109135700,48.88,100
41,0.2203000000,0.2807542700,0.7183980100,48.63,100
40,0.2206000000,0.2845353100,0.7273931700,48.1,100
39,0.2217000000,0.2887719000,0.7351175500,47.88,100
38,0.2229000000,0.2931576000,0.7446867400,47.59,100
37,0.2222000000,0.2974007800,0.7518791800,47.27,100
36,0.2223000000,0.3016921100,0.7602890300,46.63,100
35,0.2225000000,0.3058951600,0.7685219700,46.14,100
34,0.2219000000,0.3107142600,0.7772407800,45.8,100
33,0.2220000000,0.3147879900,0.7845292900,45.35,100
32,0.2227000000,0.3198030400,0.7955873100,44.79,100
31,0.2214000000,0.3241585000,0.8053331900,44.26,100
30,0.2197000000,0.3283830900,0.8133750300,43.68,100
29,0.2200000000,0.3319180700,0.8204675800,43.26,100
28,0.2186000000,0.3348198400,0.8299732900,42.75,100
27,0.2150000000,0.3391656800,0.8351608200,42.12,100
26,0.2126000000,0.3421835100,0.8410706300,41.8,100
25,0.2108000000,0.3446033300,0.8478425300,41.39,100
24,0.2068000000,0.3469272500,0.8537666100,40.66,100
23,0.2060000000,0.3490804900,0.8593604200,40.34,100
22,0.2044000000,0.3515499100,0.8637844900,40.13,100
21,0.2033000000,0.3537513400,0.8689664000,39.74,100
20,0.1996000000,0.3553812100,0.8744805600,38.96,100
19,0.1987000000,0.3575167700,0.8815875700,38.53,100
18,0.1975000000,0.3593383800,0.8890133400,38.22,100
17,0.1942000000,0.3604354900,0.8959159000,37.9,100
16,0.1924000000,0.3596070300,0.9022578300,37.14,100
15,0.1908000000,0.3598644500,0.9088087700,36.24,100
14,0.1885000000,0.3601943100,0.9153711900,35.68,100
13,0.1870000000,0.3604464900,0.9215964000,35.11,100
12,0.1844000000,0.3592645300,0.9264887300,34.62,100
11,0.1796000000,0.3569358600,0.9315902000,33.97,100
10,0.1768000000,0.3542376200,0.9358713500,33.59,100
9,0.1749000000,0.3542581600,0.9402706700,33,100
8,0.1730000000,0.3553302100,0.9452213600,32.58,100
7,0.1695000000,0.3560203900,0.9505870400,31.94,100
6,0.1649000000,0.3541834900,0.9547414200,31.36,100
5,0.1595000000,0.3523897300,0.9585508200,30.97,100
4,0.1590000000,0.3630456800,0.9631299200,30.41,100
3,0.1575000000,0.3824517900,0.9681925600,29.64,100
2,0.1982000000,0.4413581400,0.9723972300,28.71,100
1,0.2220794300,0.4999944900,0.9751267500,27.18,100
