generation,avg(diversity),avg(p.max_fitness),max(p.max_fitness),COUNT(*)
2001,0.4174112759,28.643370689655164,54.996,116
2000,0.4177729224,28.643370689655164,54.996,116
1999,0.4187500690,28.643370689655164,54.996,116
1998,0.4137296983,28.643370689655164,54.996,116
1997,0.4175310948,28.643370689655164,54.996,116
1996,0.4198015431,28.643370689655164,54.996,116
1995,0.4141391034,28.643370689655164,54.996,116
1994,0.4161707414,28.643370689655164,54.996,116
1993,0.4128773362,28.643370689655164,54.996,116
1992,0.4079176638,28.583956896551715,54.996,116
1991,0.4107289310,28.583956896551715,54.996,116
1990,0.4046356466,28.583956896551715,54.996,116
1989,0.3980959569,28.583956896551715,54.996,116
1988,0.4059146121,28.583956896551715,54.996,116
1987,0.4018066379,28.583956896551715,54.996,116
1986,0.4100840345,28.583956896551715,54.996,116
1985,0.4172217155,28.583956896551715,54.996,116
1984,0.4117444310,28.583956896551715,54.996,116
1983,0.4136109569,28.583956896551715,54.996,116
1982,0.4067570345,28.583956896551715,54.996,116
1981,0.4099773103,28.583956896551715,54.996,116
1980,0.3998195517,28.57479310344827,54.996,116
1979,0.3979676207,28.57479310344827,54.996,116
1978,0.4016508276,28.57443965517241,54.996,116
1977,0.4055079397,28.574422413793098,54.996,116
1976,0.4138753276,28.574422413793098,54.996,116
1975,0.4172344397,28.574422413793098,54.996,116
1974,0.4241838017,28.574422413793098,54.996,116
1973,0.4188847414,28.574422413793098,54.996,116
1972,0.4148053017,28.574422413793098,54.996,116
1971,0.4191451983,28.574422413793098,54.996,116
1970,0.4206797672,28.574422413793098,54.996,116
1969,0.4197610862,28.574422413793098,54.996,116
1968,0.4171252241,28.574422413793098,54.996,116
1967,0.4166610948,28.574422413793098,54.996,116
1966,0.4189923448,28.574422413793098,54.996,116
1965,0.4213505690,28.574422413793098,54.996,116
1964,0.4207518017,28.574422413793098,54.996,116
1963,0.4115973966,28.574422413793098,54.996,116
1962,0.4096321638,28.574370689655165,54.996,116
1961,0.4126852845,28.574284482758614,54.996,116
1960,0.4083714310,28.574284482758614,54.996,116
1959,0.3996001724,28.574284482758614,54.996,116
1958,0.4114616983,28.574284482758614,54.996,116
1957,0.4166154052,28.574284482758614,54.996,116
1956,0.4180233707,28.574284482758614,54.996,116
1955,0.4101501724,28.574284482758614,54.996,116
1954,0.4146163621,28.574284482758614,54.996,116
1953,0.4140338362,28.574284482758614,54.996,116
1952,0.4005293707,28.574284482758614,54.996,116
1951,0.4021621552,28.574284482758614,54.996,116
1950,0.4028156810,28.574284482758614,54.996,116
1949,0.4050238793,28.574284482758614,54.996,116
1948,0.4101248534,28.574284482758614,54.996,116
1947,0.4158984397,28.574284482758614,54.996,116
1946,0.4162684655,28.574284482758614,54.996,116
1945,0.4128598879,28.574284482758614,54.996,116
1944,0.4149762241,28.574284482758614,54.996,116
1943,0.4154187500,28.574284482758614,54.996,116
1942,0.4160193879,28.574284482758614,54.996,116
1941,0.4138735345,28.574284482758614,54.996,116
1940,0.4163731552,28.574284482758614,54.996,116
1939,0.4143281638,28.574284482758614,54.996,116
1938,0.4192666121,28.574284482758614,54.996,116
1937,0.4219813190,28.574284482758614,54.996,116
1936,0.4236036983,28.574284482758614,54.996,116
1935,0.4187994569,28.574284482758614,54.996,116
1934,0.4185950345,28.574284482758614,54.996,116
1933,0.4222983190,28.574284482758614,54.996,116
1932,0.4241044741,28.574284482758614,54.996,116
1931,0.4259953966,28.574284482758614,54.996,116
1930,0.4222246983,28.574284482758614,54.996,116
1929,0.4235495000,28.574284482758614,54.996,116
1928,0.4156773621,28.574284482758614,54.996,116
1927,0.4163077586,28.574284482758614,54.996,116
1926,0.4088316466,28.574284482758614,54.996,116
1925,0.4111443276,28.574284482758614,54.996,116
1924,0.4179570862,28.574284482758614,54.996,116
1923,0.4214236897,28.574284482758614,54.996,116
1922,0.4229946897,28.57404310344827,54.996,116
1921,0.4288574224,28.57404310344827,54.996,116
1920,0.4288831724,28.57404310344827,54.996,116
1919,0.4139248190,28.57404310344827,54.996,116
1918,0.4139361724,28.57404310344827,54.996,116
1917,0.4196177414,28.57404310344827,54.996,116
1916,0.4212638190,28.57404310344827,54.996,116
1915,0.4265940862,28.520284482758612,54.996,116
1914,0.4284781466,28.520284482758612,54.996,116
1913,0.4199289483,28.520284482758612,54.996,116
1912,0.4210108103,28.520284482758612,54.996,116
1911,0.4098721293,28.520284482758612,54.996,116
1910,0.4085345086,28.520284482758612,54.996,116
1909,0.4129625862,28.520284482758612,54.996,116
1908,0.4020224872,28.513102564102557,54.996,117
1907,0.4063072393,28.513102564102557,54.996,117
1906,0.4057675726,28.513102564102557,54.996,117
1905,0.3954473333,28.513102564102557,54.996,117
1904,0.4062042650,28.513102564102557,54.996,117
1903,0.4078481453,28.513102564102557,54.996,117
1902,0.4109633761,28.513102564102557,54.996,117
1901,0.4094119316,28.513102564102557,54.996,117
1900,0.4138623162,28.513102564102557,54.996,117
1899,0.4208584017,28.513102564102557,54.996,117
1898,0.4279119487,28.513102564102557,54.996,117
1897,0.4264845470,28.51289743589743,54.996,117
1896,0.4252819744,28.51289743589743,54.996,117
1895,0.4248320427,28.504222222222214,54.996,117
1894,0.4255553162,28.504222222222214,54.996,117
1893,0.4188452821,28.504222222222214,54.996,117
1892,0.4220490256,28.504222222222214,54.996,117
1891,0.4179164188,28.504222222222214,54.996,117
1890,0.4255517350,28.504222222222214,54.996,117
1889,0.4273540598,28.503384615384608,54.996,117
1888,0.4170478034,28.503384615384608,54.996,117
1887,0.4098529487,28.503384615384608,54.996,117
1886,0.4198582119,28.20299999999999,54.996,118
1885,0.4212868559,28.20299999999999,54.996,118
1884,0.4214945254,28.20299999999999,54.996,118
1883,0.4224398220,28.150262711864396,54.996,118
1882,0.4282347203,28.133245762711855,54.996,118
1881,0.4259910932,28.133245762711855,54.996,118
1880,0.4142613051,28.133245762711855,54.996,118
1879,0.4160248644,28.133245762711855,54.996,118
1878,0.4105820085,28.133245762711855,54.996,118
1877,0.4031471780,28.133245762711855,54.996,118
1876,0.4049949407,28.133245762711855,54.996,118
1875,0.4097451441,28.133245762711855,54.996,118
1874,0.4002880847,28.133245762711855,54.996,118
1873,0.4051167288,28.133245762711855,54.996,118
1872,0.4006869832,28.238672268907553,54.996,119
1871,0.3970069748,28.238672268907553,54.996,119
1870,0.3995611849,28.238672268907553,54.996,119
1869,0.4055963613,28.238672268907553,54.996,119
1868,0.4044674202,28.238672268907553,54.996,119
1867,0.4051697479,28.238672268907553,54.996,119
1866,0.4137722941,28.238672268907553,54.996,119
1865,0.4095385294,28.238672268907553,54.996,119
1864,0.4136433277,28.238672268907553,54.996,119
1863,0.4119215546,28.238672268907553,54.996,119
1862,0.4126550924,28.238672268907553,54.996,119
1861,0.4118175210,28.238638655462175,54.996,119
1860,0.4138029748,28.238638655462175,54.996,119
1859,0.4093431597,28.238638655462175,54.996,119
1858,0.4090308151,28.238638655462175,54.996,119
1857,0.4064032101,28.238638655462175,54.996,119
1856,0.4079201597,28.238638655462175,54.996,119
1855,0.4123259076,28.238638655462175,54.996,119
1854,0.4070075210,28.238638655462175,54.996,119
1853,0.4046722185,28.238638655462175,54.996,119
1852,0.4126217227,28.238638655462175,54.996,119
1851,0.4010969580,28.212378151260495,54.996,119
1850,0.4084966807,28.212378151260495,54.996,119
1849,0.4080469916,28.212378151260495,54.996,119
1848,0.4157009160,28.21232773109243,54.996,119
1847,0.4174942941,28.21232773109243,54.996,119
1846,0.4272846891,28.21232773109243,54.996,119
1845,0.4171956639,28.21232773109243,54.996,119
1844,0.4177500504,28.21232773109243,54.996,119
1843,0.4125225294,28.21232773109243,54.996,119
1842,0.4111582017,28.21232773109243,54.996,119
1841,0.4117340000,28.21232773109243,54.996,119
1840,0.4122365042,28.21232773109243,54.996,119
1839,0.4178736975,28.21232773109243,54.996,119
1838,0.4240160252,28.21232773109243,54.996,119
1837,0.4285879832,28.21232773109243,54.996,119
1836,0.4240157731,28.21232773109243,54.996,119
1835,0.4231868067,28.21232773109243,54.996,119
1834,0.4210785714,28.21232773109243,54.996,119
1833,0.4191295966,28.21232773109243,54.996,119
1832,0.4119453361,28.21232773109243,54.996,119
1831,0.4155669580,28.21232773109243,54.996,119
1830,0.4151569832,28.21232773109243,54.996,119
1829,0.4037929916,28.21232773109243,54.996,119
1828,0.4120096218,28.21232773109243,54.996,119
1827,0.4049604790,28.21232773109243,54.996,119
1826,0.4103853866,28.21232773109243,54.996,119
1825,0.4020886975,28.21232773109243,54.996,119
1824,0.4080577815,28.19501680672268,54.996,119
1823,0.4119391513,28.19499999999999,54.994,119
1822,0.4061060504,28.19499999999999,54.994,119
1821,0.4085244202,28.19499999999999,54.994,119
1820,0.4156408571,28.19499999999999,54.994,119
1819,0.4142375210,28.19499999999999,54.994,119
1818,0.4122520504,28.19499999999999,54.994,119
1817,0.4146584706,28.19499999999999,54.994,119
1816,0.4199168824,28.19499999999999,54.994,119
1815,0.4249400840,28.19499999999999,54.994,119
1814,0.4274849748,28.160361344537804,54.994,119
1813,0.4229663277,28.160361344537804,54.994,119
1812,0.4176271597,28.160361344537804,54.994,119
1811,0.4163844706,28.160361344537804,54.994,119
1810,0.4130557227,28.160277310924357,54.994,119
1809,0.4095456050,28.160277310924357,54.994,119
1808,0.4150749160,28.160277310924357,54.994,119
1807,0.4189288487,28.160277310924357,54.994,119
1806,0.4163735630,28.16026050420167,54.994,119
1805,0.4063264034,28.159957983193266,54.994,119
1804,0.4084511681,28.14287394957982,52.961,119
1803,0.3985485546,28.14287394957982,52.961,119
1802,0.3971068571,28.126109243697467,50.966,119
1801,0.4069109664,28.126109243697467,50.966,119
1800,0.4063335882,28.126109243697467,50.966,119
1799,0.4068317563,28.084378151260495,50.804,119
1798,0.4102792185,28.084378151260495,50.804,119
1797,0.4072466807,28.084378151260495,50.804,119
1796,0.4127797311,28.084378151260495,50.804,119
1795,0.4076078824,28.084294117647048,50.804,119
1794,0.4148794538,28.084294117647048,50.804,119
1793,0.4142854958,28.084294117647048,50.804,119
1792,0.4192335042,28.084294117647048,50.804,119
1791,0.4127107731,28.084294117647048,50.804,119
1790,0.4101674250,28.16584999999999,50.804,120
1789,0.4058981583,28.16584999999999,50.804,120
1788,0.4167566083,28.16584999999999,50.804,120
1787,0.4243548583,28.16584999999999,50.804,120
1786,0.4143254333,28.16584999999999,50.804,120
1785,0.4235489750,28.16584999999999,50.804,120
1784,0.4123177667,28.16584999999999,50.804,120
1783,0.4106558167,28.16584999999999,50.804,120
1782,0.4076716917,28.14897499999999,50.804,120
1781,0.4125189333,28.14897499999999,50.804,120
1780,0.4065374750,28.14897499999999,50.804,120
1779,0.4114210000,28.14897499999999,50.804,120
1778,0.4170769500,28.14897499999999,50.804,120
1777,0.4179806417,28.14887499999999,50.804,120
1776,0.4044488500,28.14887499999999,50.804,120
1775,0.4110057667,28.14887499999999,50.804,120
1774,0.4076933500,28.14887499999999,50.804,120
1773,0.4154609333,28.14887499999999,50.804,120
1772,0.4091279250,28.140658333333324,50.804,120
1771,0.4091596250,28.131708333333325,50.804,120
1770,0.4047323833,28.131708333333325,50.804,120
1769,0.4059082667,28.11487499999999,50.804,120
1768,0.4108608500,28.11487499999999,50.804,120
1767,0.4168793167,28.11487499999999,50.804,120
1766,0.4193857417,28.11487499999999,50.804,120
1765,0.4249958583,28.11487499999999,50.804,120
1764,0.4188266667,28.11487499999999,50.804,120
1763,0.4188851583,28.071216666666658,50.804,120
1762,0.4199082583,28.071216666666658,50.804,120
1761,0.4208512500,28.071216666666658,50.804,120
1760,0.4188804083,28.071216666666658,50.804,120
1759,0.4091249583,28.071216666666658,50.804,120
1758,0.4124643167,28.071216666666658,50.804,120
1757,0.4192170500,28.071216666666658,50.804,120
1756,0.4151108833,28.071216666666658,50.804,120
1755,0.4091198083,28.071216666666658,50.804,120
1754,0.4144925333,28.071149999999992,50.804,120
1753,0.4107420250,28.071149999999992,50.804,120
1752,0.4102895000,28.071149999999992,50.804,120
1751,0.4146505333,28.071149999999992,50.804,120
1750,0.4057267917,28.071149999999992,50.804,120
1749,0.4074196000,28.071149999999992,50.804,120
1748,0.4080640000,28.071149999999992,50.804,120
1747,0.4144945083,28.071149999999992,50.804,120
1746,0.4114209667,28.071149999999992,50.804,120
1745,0.4107374500,28.071149999999992,50.804,120
1744,0.4071088500,28.071149999999992,50.804,120
1743,0.4059602333,28.071149999999992,50.804,120
1742,0.4154719417,28.071149999999992,50.804,120
1741,0.4153485833,28.071149999999992,50.804,120
1740,0.4151666917,28.071149999999992,50.804,120
1739,0.4134032917,28.071149999999992,50.804,120
1738,0.4116565583,28.071149999999992,50.804,120
1737,0.3930151667,28.071149999999992,50.804,120
1736,0.3959380583,28.071149999999992,50.804,120
1735,0.4030682250,28.071149999999992,50.804,120
1734,0.4131761667,28.071149999999992,50.804,120
1733,0.4120422333,28.071149999999992,50.804,120
1732,0.4113137750,28.071149999999992,50.804,120
1731,0.4219904083,28.071149999999992,50.804,120
1730,0.4213356583,28.071149999999992,50.804,120
1729,0.4245845167,28.071149999999992,50.804,120
1728,0.4228124833,28.071149999999992,50.804,120
1727,0.4187098667,28.071149999999992,50.804,120
1726,0.4176383833,28.071149999999992,50.804,120
1725,0.4206803917,28.071149999999992,50.804,120
1724,0.4206804583,28.071149999999992,50.804,120
1723,0.4233440583,28.06202499999999,50.804,120
1722,0.4241045833,28.06202499999999,50.804,120
1721,0.4178113000,28.06202499999999,50.804,120
1720,0.4119360917,28.06202499999999,50.804,120
1719,0.4039659583,28.06202499999999,50.804,120
1718,0.4038512000,28.06202499999999,50.804,120
1717,0.4054887417,28.06202499999999,50.804,120
1716,0.4059130417,28.06202499999999,50.804,120
1715,0.4069295083,28.06202499999999,50.804,120
1714,0.4120605583,28.06202499999999,50.804,120
1713,0.4054325083,28.06202499999999,50.804,120
1712,0.4151093250,28.06199999999999,50.804,120
1711,0.4008454000,28.06199999999999,50.804,120
1710,0.4016848083,28.06199999999999,50.804,120
1709,0.4055958833,28.061833333333322,50.804,120
1708,0.4151968167,28.061833333333322,50.804,120
1707,0.4165368917,28.061833333333322,50.804,120
1706,0.4173883583,28.061833333333322,50.804,120
1705,0.4166317833,28.061833333333322,50.804,120
1704,0.4078547083,28.061833333333322,50.804,120
1703,0.4047846667,28.061833333333322,50.804,120
1702,0.4044376333,28.061833333333322,50.804,120
1701,0.4008185667,28.061833333333322,50.804,120
1700,0.4073199000,28.061833333333322,50.804,120
1699,0.4118057167,28.061833333333322,50.804,120
1698,0.4020766667,28.061833333333322,50.804,120
1697,0.4144867667,28.061833333333322,50.804,120
1696,0.4105492583,28.061833333333322,50.804,120
1695,0.4163831833,28.061833333333322,50.804,120
1694,0.4181013500,28.061699999999988,50.804,120
1693,0.4190856083,28.061699999999988,50.804,120
1692,0.4178520333,28.061699999999988,50.804,120
1691,0.4217219917,28.061699999999988,50.804,120
1690,0.4292839417,28.061699999999988,50.804,120
1689,0.4147760417,28.061699999999988,50.804,120
1688,0.4146371250,28.061699999999988,50.804,120
1687,0.4158325083,28.061699999999988,50.804,120
1686,0.4101295917,28.061699999999988,50.804,120
1685,0.4098949833,28.061558333333323,50.804,120
1684,0.4108224793,27.990099173553713,50.804,121
1683,0.4081128595,27.990099173553713,50.804,121
1682,0.4074618595,27.990099173553713,50.804,121
1681,0.4085911157,27.990099173553713,50.804,121
1680,0.4151496364,27.990099173553713,50.804,121
1679,0.4179986364,27.990099173553713,50.804,121
1678,0.4142372975,27.990099173553713,50.804,121
1677,0.4064048430,27.990099173553713,50.804,121
1676,0.4136250248,27.990099173553713,50.804,121
1675,0.4140617273,27.990099173553713,50.804,121
1674,0.4157673306,27.990099173553713,50.804,121
1673,0.4128970083,27.982173553719,50.804,121
1672,0.4118870248,27.982173553719,50.804,121
1671,0.4128655455,27.982173553719,50.804,121
1670,0.4083241240,27.982173553719,50.804,121
1669,0.4062177521,27.982173553719,50.804,121
1668,0.4111930331,27.982173553719,50.804,121
1667,0.4059822479,27.982173553719,50.804,121
1666,0.4105457355,27.982173553719,50.804,121
1665,0.4128115289,27.982173553719,50.804,121
1664,0.4119501983,27.940537190082637,50.804,121
1663,0.4214198182,27.940537190082637,50.804,121
1662,0.4130595950,27.940537190082637,50.804,121
1661,0.4186266612,27.940537190082637,50.804,121
1660,0.4238130083,27.940537190082637,50.804,121
1659,0.4142232459,27.9059344262295,50.804,122
1658,0.4058506148,27.9059344262295,50.804,122
1657,0.3952947705,27.9059344262295,50.804,122
1656,0.4017088525,27.9059344262295,50.804,122
1655,0.4096177213,27.9059344262295,50.804,122
1654,0.4096318525,27.9059344262295,50.804,122
1653,0.4152961639,27.9059344262295,50.804,122
1652,0.4142008115,27.9059344262295,50.804,122
1651,0.4147061639,27.9059344262295,50.804,122
1650,0.4172002541,27.9059344262295,50.804,122
1649,0.4268326230,27.807393442622942,50.804,122
1648,0.4231851475,27.807393442622942,50.804,122
1647,0.4198670246,27.807393442622942,50.804,122
1646,0.4130537131,27.807393442622942,50.804,122
1645,0.4131564754,27.807393442622942,50.804,122
1644,0.4145680656,27.807393442622942,50.804,122
1643,0.4211783689,27.807393442622942,50.804,122
1642,0.4088253525,27.80732786885245,50.804,122
1641,0.4002762049,27.80732786885245,50.804,122
1640,0.4055076311,27.80732786885245,50.804,122
1639,0.4043441475,27.80732786885245,50.804,122
1638,0.4122807213,27.80732786885245,50.804,122
1637,0.4151908607,27.80732786885245,50.804,122
1636,0.4174225328,27.80732786885245,50.804,122
1635,0.4168066148,27.80732786885245,50.804,122
1634,0.4046680984,27.80732786885245,50.804,122
1633,0.4126597459,27.80732786885245,50.804,122
1632,0.4139234098,27.80732786885245,50.804,122
1631,0.4088652377,27.807295081967204,50.804,122
1630,0.4090275574,27.807295081967204,50.804,122
1629,0.4125337049,27.807295081967204,50.804,122
1628,0.4128005984,27.807295081967204,50.804,122
1627,0.4149492705,27.807295081967204,50.804,122
1626,0.4198411557,27.807295081967204,50.804,122
1625,0.4249352541,27.807295081967204,50.804,122
1624,0.4190823770,27.807295081967204,50.804,122
1623,0.4170738607,27.807295081967204,50.804,122
1622,0.4135948361,27.807295081967204,50.804,122
1621,0.4177977131,27.807040983606548,50.804,122
1620,0.4184871967,27.807040983606548,50.804,122
1619,0.4169074508,27.807040983606548,50.804,122
1618,0.4083713607,27.807016393442616,50.804,122
1617,0.4129435656,27.807016393442616,50.804,122
1616,0.4097284016,27.807016393442616,50.804,122
1615,0.4130971148,27.807016393442616,50.804,122
1614,0.4160682951,27.807016393442616,50.804,122
1613,0.4183264098,27.807016393442616,50.804,122
1612,0.4120425410,27.807016393442616,50.804,122
1611,0.4158075492,27.698065573770485,50.804,122
1610,0.4078108443,27.698065573770485,50.804,122
1609,0.4127370656,27.698065573770485,50.804,122
1608,0.4163934426,27.698065573770485,50.804,122
1607,0.4159088279,27.698065573770485,50.804,122
1606,0.4225583770,27.698065573770485,50.804,122
1605,0.4122654918,27.698065573770485,50.804,122
1604,0.4107626803,27.698065573770485,50.804,122
1603,0.4083026885,27.698065573770485,50.804,122
1602,0.3922875082,27.698065573770485,50.804,122
1601,0.3912383934,27.698065573770485,50.804,122
1600,0.3905999098,27.698065573770485,50.804,122
1599,0.3875114180,27.698065573770485,50.804,122
1598,0.4041339344,27.698065573770485,50.804,122
1597,0.4001151393,27.698065573770485,50.804,122
1596,0.4066362213,27.698065573770485,50.804,122
1595,0.4109912377,27.697836065573764,50.804,122
1594,0.4145747295,27.697836065573764,50.804,122
1593,0.4158630410,27.697672131147534,50.804,122
1592,0.4177517131,27.697672131147534,50.804,122
1591,0.4174570164,27.697672131147534,50.804,122
1590,0.4235277295,27.697672131147534,50.804,122
1589,0.4200271393,27.697524590163926,50.804,122
1588,0.4258424426,27.697524590163926,50.804,122
1587,0.4199384098,27.697524590163926,50.804,122
1586,0.4235584098,27.697524590163926,50.804,122
1585,0.4163476803,27.697524590163926,50.804,122
1584,0.4057528770,27.69747540983606,50.804,122
1583,0.4143211148,27.69747540983606,50.804,122
1582,0.4114062213,27.69747540983606,50.804,122
1581,0.4070513607,27.69747540983606,50.804,122
1580,0.4150625820,27.69747540983606,50.804,122
1579,0.4105316721,27.69747540983606,50.804,122
1578,0.4058610410,27.697459016393438,50.804,122
1577,0.4065821475,27.696442622950816,50.804,122
1576,0.4116738197,27.696442622950816,50.804,122
1575,0.4151794016,27.69642622950819,50.804,122
1574,0.4182097541,27.69642622950819,50.804,122
1573,0.4176381066,27.69640983606557,50.804,122
1572,0.4141891230,27.69640983606557,50.804,122
1571,0.4194966475,27.69626229508196,50.804,122
1570,0.4104193934,27.69626229508196,50.804,122
1569,0.4080228361,27.695950819672127,50.804,122
1568,0.4142103770,27.695885245901632,50.804,122
1567,0.4131776803,27.695885245901632,50.804,122
1566,0.4158895000,27.695442622950814,50.804,122
1565,0.4204605738,27.69506557377048,50.804,122
1564,0.4238322541,27.69506557377048,50.804,122
1563,0.4204983607,27.69506557377048,50.804,122
1562,0.4204988852,27.69506557377048,50.804,122
1561,0.4220263607,27.69503278688524,50.804,122
1560,0.4205869508,27.695024590163925,50.804,122
1559,0.4148546557,27.68684426229507,50.804,122
1558,0.4168551066,27.68684426229507,50.804,122
1557,0.4114292295,27.68684426229507,50.804,122
1556,0.4091403934,27.68672950819671,50.804,122
1555,0.4072843443,27.68672950819671,50.804,122
1554,0.4136930410,27.686598360655726,50.804,122
1553,0.4132007213,27.686598360655726,50.804,122
1552,0.4168450574,27.686598360655726,50.804,122
1551,0.4220223279,27.686598360655726,50.804,122
1550,0.4153733525,27.686598360655726,50.804,122
1549,0.4082059918,27.686598360655726,50.804,122
1548,0.4083108033,27.686598360655726,50.804,122
1547,0.4145666311,27.686598360655726,50.804,122
1546,0.4147097705,27.678606557377037,50.804,122
1545,0.4042351311,27.678606557377037,50.804,122
1544,0.4064611475,27.678606557377037,50.804,122
1543,0.4020372705,27.678606557377037,50.804,122
1542,0.3973449918,27.678606557377037,50.804,122
1541,0.4109443115,27.678606557377037,50.804,122
1540,0.4004519672,27.67835245901638,50.804,122
1539,0.4079783934,27.67835245901638,50.804,122
1538,0.4161372951,27.678147540983595,50.804,122
1537,0.4224417295,27.678147540983595,50.804,122
1536,0.4226925410,27.678147540983595,50.804,122
1535,0.4227117213,27.678147540983595,50.804,122
1534,0.4168854918,27.678147540983595,50.804,122
1533,0.4251203361,27.678147540983595,50.804,122
1532,0.4270752541,27.678147540983595,50.804,122
1531,0.4280588279,27.678147540983595,50.804,122
1530,0.4156622787,27.678147540983595,50.804,122
1529,0.4234591803,27.678147540983595,50.804,122
1528,0.4212435492,27.67811475409835,50.804,122
1527,0.4133554590,27.67811475409835,50.804,122
1526,0.3980262705,27.67811475409835,50.804,122
1525,0.4036589754,27.67811475409835,50.804,122
1524,0.4066953852,27.67811475409835,50.804,122
1523,0.4094041066,27.67811475409835,50.804,122
1522,0.4088867049,27.677901639344253,50.804,122
1521,0.4077288279,27.677901639344253,50.804,122
1520,0.4110814180,27.677393442622943,50.804,122
1519,0.4173482705,27.677393442622943,50.804,122
1518,0.4122017541,27.677393442622943,50.804,122
1517,0.4018005902,27.677393442622943,50.804,122
1516,0.4112050492,27.677393442622943,50.804,122
1515,0.4075903443,27.677393442622943,50.804,122
1514,0.4019688525,27.677393442622943,50.804,122
1513,0.4117954590,27.661926229508186,50.804,122
1512,0.4191826311,27.661926229508186,50.804,122
1511,0.4186081311,27.661926229508186,50.804,122
1510,0.4134315738,27.604524590163926,50.804,122
1509,0.4091759918,27.604524590163926,50.804,122
1508,0.4035453033,27.604524590163926,50.804,122
1507,0.4131564180,27.604262295081963,50.804,122
1506,0.4178297705,27.604262295081963,50.804,122
1505,0.4171678770,27.604262295081963,50.804,122
1504,0.4067940164,27.604262295081963,50.804,122
1503,0.4084614836,27.60425409836065,50.804,122
1502,0.4085103525,27.60425409836065,50.804,122
1501,0.4053685328,27.604073770491794,50.804,122
1500,0.4002320574,27.604073770491794,50.804,122
1499,0.4083373689,27.604073770491794,50.804,122
1498,0.4110990820,27.604073770491794,50.804,122
1497,0.4045975164,27.511672131147535,50.804,122
1496,0.4090010738,27.51163934426229,50.804,122
1495,0.4044913525,27.51163934426229,50.804,122
1494,0.4137523443,27.51159836065573,50.804,122
1493,0.4216805492,27.47887704918032,50.804,122
1492,0.4267299508,27.445434426229504,50.804,122
1491,0.4222000656,27.44542622950819,50.804,122
1490,0.4308518689,27.44542622950819,50.804,122
1489,0.4292151639,27.44542622950819,50.804,122
1488,0.4203493525,27.44542622950819,50.804,122
1487,0.4198311066,27.44542622950819,50.804,122
1486,0.4195352705,27.44542622950819,50.804,122
1485,0.4144177377,27.44521311475409,50.804,122
1484,0.4015984098,27.436926229508188,50.804,122
1483,0.4067505246,27.43676229508196,50.804,122
1482,0.4034322623,27.43676229508196,50.804,122
1481,0.3999085246,27.43676229508196,50.804,122
1480,0.4062995738,27.436729508196713,50.804,122
1479,0.4073307951,27.436680327868846,50.804,122
1478,0.4186832705,27.4366475409836,50.804,122
1477,0.4154538361,27.4366475409836,50.804,122
1476,0.4158902049,27.4366475409836,50.804,122
1475,0.4074256885,27.4366475409836,50.804,122
1474,0.4141744836,27.4366475409836,50.804,122
1473,0.4114821967,27.436434426229503,50.804,122
1472,0.4161377295,27.436434426229503,50.804,122
1471,0.4155201311,27.436434426229503,50.804,122
1470,0.4215188852,27.436418032786882,50.804,122
1469,0.4146860820,27.420508196721308,50.804,122
1468,0.4192739180,27.420508196721308,50.804,122
1467,0.4262639180,27.420491803278683,50.804,122
1466,0.4300159508,27.420491803278683,50.804,122
1465,0.4275952131,27.42021311475409,50.804,122
1464,0.4153827131,27.420147540983603,50.804,122
1463,0.4180654016,27.420147540983603,50.804,122
1462,0.4303579590,27.420147540983603,50.804,122
1461,0.4232501967,27.420147540983603,50.804,122
1460,0.4230251803,27.420147540983603,50.804,122
1459,0.4178402049,27.419942622950813,50.804,122
1458,0.4206418607,27.419942622950813,50.804,122
1457,0.4182249508,27.419942622950813,50.804,122
1456,0.4094388115,27.419942622950813,50.804,122
1455,0.4153245902,27.419942622950813,50.804,122
1454,0.4178540000,27.419942622950813,50.804,122
1453,0.4130127131,27.419942622950813,50.804,122
1452,0.4186039426,27.419942622950813,50.804,122
1451,0.4246019426,27.41987704918032,50.804,122
1450,0.4165583361,27.41212295081967,50.804,122
1449,0.4147404836,27.396762295081967,50.804,122
1448,0.4055210000,27.396762295081967,50.804,122
1447,0.4056004180,27.396762295081967,50.804,122
1446,0.4071242705,27.396385245901634,50.804,122
1445,0.4070173033,27.396368852459013,50.804,122
1444,0.4089715574,27.3800737704918,50.804,122
1443,0.4138115656,27.3800737704918,50.804,122
1442,0.4186756311,27.3800737704918,50.804,122
1441,0.4205113689,27.321270491803272,50.804,122
1440,0.4242865574,27.321270491803272,50.804,122
1439,0.4170741557,27.321270491803272,50.804,122
1438,0.4118006311,27.321270491803272,50.804,122
1437,0.4104795820,27.321270491803272,50.804,122
1436,0.3994273115,27.321270491803272,50.804,122
1435,0.4018918689,27.321270491803272,50.804,122
1434,0.4084219426,27.321270491803272,50.804,122
1433,0.4146092869,27.25553278688524,50.804,122
1432,0.4097044590,27.25553278688524,50.804,122
1431,0.4145956475,27.25553278688524,50.804,122
1430,0.4176346803,27.25553278688524,50.804,122
1429,0.4096318033,27.25553278688524,50.804,122
1428,0.4057609918,27.25553278688524,50.804,122
1427,0.4091277705,27.255508196721305,50.804,122
1426,0.4062865082,27.19769672131147,50.804,122
1425,0.4087751475,27.19769672131147,50.804,122
1424,0.4165627049,27.19769672131147,50.804,122
1423,0.4181707213,27.19769672131147,50.804,122
1422,0.4096333607,27.19769672131147,50.804,122
1421,0.4099741557,27.19769672131147,50.804,122
1420,0.4122701721,27.197540983606554,50.804,122
1419,0.4143865574,27.19753278688524,50.804,122
1418,0.4155256148,27.19753278688524,50.804,122
1417,0.4135387787,27.19753278688524,50.804,122
1416,0.4141555820,27.172778688524584,50.804,122
1415,0.4222044836,27.172778688524584,50.804,122
1414,0.4165147295,27.172778688524584,50.804,122
1413,0.4203382951,27.130942622950815,50.804,122
1412,0.4193805246,27.122983606557373,50.804,122
1411,0.4166365164,27.122983606557373,50.804,122
1410,0.4148765574,27.12286885245901,50.804,122
1409,0.4073930164,27.122622950819668,50.804,122
1408,0.4032997049,27.122622950819668,50.804,122
1407,0.4020307131,27.122622950819668,50.804,122
1406,0.3987074672,27.122622950819668,50.804,122
1405,0.4073727951,27.122622950819668,50.804,122
1404,0.4099227459,27.122622950819668,50.804,122
1403,0.4122134262,27.122622950819668,50.804,122
1402,0.4133138361,27.122622950819668,50.804,122
1401,0.4096497295,27.12255737704918,50.804,122
1400,0.4122372951,27.122459016393442,50.804,122
1399,0.4167995328,27.114254098360654,50.804,122
1398,0.4143083115,27.114254098360654,50.804,122
1397,0.4232193279,27.114254098360654,50.804,122
1396,0.4185975328,27.114254098360654,50.804,122
1395,0.4226005246,27.114254098360654,50.804,122
1394,0.4129431230,27.113827868852457,50.804,122
1393,0.3995803607,27.09006557377049,50.804,122
1392,0.4069812951,27.09006557377049,50.804,122
1391,0.4046779262,27.090049180327867,50.804,122
1390,0.4015111066,27.090049180327867,50.804,122
1389,0.4002581475,27.089901639344262,50.804,122
1388,0.4044899590,27.089901639344262,50.804,122
1387,0.4121819672,27.0897868852459,50.804,122
1386,0.4126808361,27.0897868852459,50.804,122
1385,0.4097868607,27.073245901639343,50.804,122
1384,0.4187232869,27.073245901639343,50.804,122
1383,0.4203035984,27.073245901639343,50.804,122
1382,0.4241326885,27.073245901639343,50.804,122
1381,0.4188748279,27.073245901639343,50.804,122
1380,0.4155168770,27.073245901639343,50.804,122
1379,0.4158058115,27.073245901639343,50.804,122
1378,0.4212193852,27.073245901639343,50.804,122
1377,0.4216042295,27.073245901639343,50.804,122
1376,0.4250952131,27.073245901639343,50.804,122
1375,0.4271447787,27.073245901639343,50.804,122
1374,0.4157803525,27.073221311475407,50.804,122
1373,0.4201371148,27.073221311475407,50.804,122
1372,0.4165089344,27.073221311475407,50.804,122
1371,0.4142399344,27.073221311475407,50.804,122
1370,0.4103600246,27.02273770491803,48,122
1369,0.4135615574,27.02273770491803,48,122
1368,0.4148653525,27.02273770491803,48,122
1367,0.4127561230,27.02273770491803,48,122
1366,0.4116845574,27.02273770491803,48,122
1365,0.4163072377,27.02273770491803,48,122
1364,0.4130752295,27.02273770491803,48,122
1363,0.4250217049,26.983631147540983,48,122
1362,0.4207467459,26.983631147540983,48,122
1361,0.4208514590,26.983631147540983,48,122
1360,0.4218775164,26.983631147540983,48,122
1359,0.4161584262,26.983598360655737,48,122
1358,0.4157856066,26.983598360655737,48,122
1357,0.4133841393,26.957762295081967,48,122
1356,0.4041881557,26.957729508196717,48,122
1355,0.4057054262,26.949040983606555,48,122
1354,0.4111153361,26.949040983606555,48,122
1353,0.4100686721,26.949040983606555,48,122
1352,0.4076928443,26.916163934426226,48,122
1351,0.4167563689,26.916163934426226,48,122
1350,0.4200228197,26.916163934426226,48,122
1349,0.4219827541,26.85813114754098,48,122
1348,0.4160384426,26.85813114754098,48,122
1347,0.4195270328,26.85813114754098,48,122
1346,0.4134012951,26.85813114754098,48,122
1345,0.4074769836,26.85813114754098,48,122
1344,0.4083305574,26.85813114754098,48,122
1343,0.4150521230,26.85813114754098,48,122
1342,0.4211172951,26.84774590163934,48,122
1341,0.4147422541,26.84774590163934,48,122
1340,0.4185558361,26.84774590163934,48,122
1339,0.4204255574,26.84774590163934,48,122
1338,0.4150465738,26.84774590163934,48,122
1337,0.4133197377,26.847663934426222,48,122
1336,0.4007320246,26.84748360655737,48,122
1335,0.4007924754,26.838524590163928,48,122
1334,0.3997818525,26.838344262295077,48,122
1333,0.4112835574,26.838237704918026,48,122
1332,0.4062823934,26.838237704918026,48,122
1331,0.4100327787,26.838237704918026,48,122
1330,0.4128204754,26.838237704918026,48,122
1329,0.4142078525,26.838237704918026,48,122
1328,0.4167190738,26.838237704918026,48,122
1327,0.4167599754,26.80472950819671,48,122
1326,0.4065499180,26.80472950819671,48,122
1325,0.4123938279,26.80472950819671,48,122
1324,0.4073078443,26.80472950819671,48,122
1323,0.4135992213,26.804516393442615,48,122
1322,0.4149295574,26.772418032786877,48,122
1321,0.4145429508,26.772418032786877,48,122
1320,0.4224927951,26.714286885245894,48,122
1319,0.4196244426,26.71415573770491,48,122
1318,0.4217110820,26.71415573770491,48,122
1317,0.4191074754,26.71415573770491,48,122
1316,0.4236564262,26.71415573770491,48,122
1315,0.4157863525,26.714106557377043,48,122
1314,0.4184795082,26.68010655737704,48,122
1313,0.4179106230,26.654729508196713,48,122
1312,0.4107012377,26.654729508196713,48,122
1311,0.4081055738,26.654352459016387,48,122
1310,0.4131844754,26.654352459016387,48,122
1309,0.4092432459,26.654352459016387,48,122
1308,0.4117711148,26.654344262295076,48,122
1307,0.4042336475,26.637540983606552,48,122
1306,0.4080843279,26.637540983606552,48,122
1305,0.4165594754,26.637508196721306,48,122
1304,0.4139896803,26.637508196721306,48,122
1303,0.4183647459,26.637508196721306,48,122
1302,0.4188086311,26.637508196721306,48,122
1301,0.4201825738,26.637377049180323,48,122
1300,0.4108666967,26.637278688524585,48,122
1299,0.4119165082,26.6060737704918,48,122
1298,0.4152644344,26.59112295081967,48,122
1297,0.4147208361,26.5910737704918,48,122
1296,0.4197785000,26.5910737704918,48,122
1295,0.4168594672,26.5910737704918,48,122
1294,0.4162677049,26.5910737704918,48,122
1293,0.4075654262,26.5910737704918,48,122
1292,0.4116308852,26.58351639344262,48,122
1291,0.4113913689,26.56618032786885,48,122
1290,0.4184555738,26.56618032786885,48,122
1289,0.4098269754,26.56618032786885,48,122
1288,0.4116237951,26.565622950819666,48,122
1287,0.4111075984,26.533204918032784,48,122
1286,0.4035819836,26.53302459016393,48,122
1285,0.3999572623,26.53302459016393,48,122
1284,0.4064641557,26.530942622950818,48,122
1283,0.4118946393,26.522303278688522,48,122
1282,0.4088166803,26.482352459016386,48,122
1281,0.4083986721,26.45699999999999,48,122
1280,0.4051681885,26.45699999999999,48,122
1279,0.4074025492,26.448680327868846,48,122
1278,0.4012168443,26.448680327868846,48,122
1277,0.3980404262,26.448499999999992,48,122
1276,0.4043418525,26.44848360655737,48,122
1275,0.4150396639,26.43231147540983,48,122
1274,0.4111239344,26.43231147540983,48,122
1273,0.4121345738,26.424852459016385,48,122
1272,0.4149064098,26.424852459016385,48,122
1271,0.4199884098,26.424303278688516,48,122
1270,0.4130786066,26.42427049180327,48,122
1269,0.4107772787,26.42427049180327,48,122
1268,0.4107030246,26.42425409836065,48,122
1267,0.4121344344,26.399729508196717,48,122
1266,0.4099307951,26.39109836065573,48,122
1265,0.4126460492,26.39109836065573,48,122
1264,0.4133949180,26.384532786885238,48,122
1263,0.4137399508,26.384532786885238,48,122
1262,0.4111393934,26.384532786885238,48,122
1261,0.4137881311,26.384532786885238,48,122
1260,0.4114645328,26.384532786885238,48,122
1259,0.4138989180,26.38331967213114,48,122
1258,0.4099073934,26.38331967213114,48,122
1257,0.4109529508,26.364737704918024,48,122
1256,0.4086438033,26.364737704918024,48,122
1255,0.4122026967,26.364114754098352,48,122
1254,0.4042657705,26.36409836065573,48,122
1253,0.4067403607,26.363704918032777,48,122
1252,0.4134038115,26.363647540983596,48,122
1251,0.4148013443,26.363647540983596,48,122
1250,0.4210398770,26.363360655737697,48,122
1249,0.4199041721,26.36309836065573,48,122
1248,0.4155584508,26.36309836065573,48,122
1247,0.4169814836,26.36309836065573,48,122
1246,0.4109507377,26.362901639344255,48,122
1245,0.4155423279,26.354409836065564,48,122
1244,0.4196993689,26.354409836065564,48,122
1243,0.4136627623,26.354409836065564,48,122
1242,0.4169487295,26.354409836065564,48,122
1241,0.4177085492,26.354352459016383,48,122
1240,0.4146566230,26.354237704918024,48,122
1239,0.4165623443,26.35410655737704,48,122
1238,0.4103252131,26.35410655737704,48,122
1237,0.4076242459,26.35410655737704,48,122
1236,0.4162496393,26.35410655737704,48,122
1235,0.4116277049,26.35410655737704,48,122
1234,0.4218612049,26.354057377049173,48,122
1233,0.4191582787,26.35399180327868,48,122
1232,0.4211764672,26.32888524590163,48,122
1231,0.4255584180,26.312377049180316,48,122
1230,0.4186710246,26.312377049180316,48,122
1229,0.4103204426,26.312377049180316,48,122
1228,0.4173867459,26.261704918032777,48,122
1227,0.4115411311,26.261704918032777,48,122
1226,0.4174527951,26.261704918032777,48,122
1225,0.4155422213,26.261049180327856,48,122
1224,0.4148639590,26.261049180327856,48,122
1223,0.4048473689,26.261049180327856,48,122
1222,0.3994652377,26.261049180327856,48,122
1221,0.3938822213,26.261049180327856,48,122
1220,0.3982351967,26.261049180327856,48,122
1219,0.4052102213,26.26099999999999,48,122
1218,0.4046806557,26.26099999999999,48,122
1217,0.4097251230,26.2587213114754,48,122
1216,0.4080566639,26.25166393442622,48,122
1215,0.4133583689,26.25166393442622,48,122
1214,0.4197172869,26.25166393442622,48,122
1213,0.4220712131,26.243180327868842,48,122
1212,0.4268185984,26.243180327868842,48,122
1211,0.4180857295,26.243180327868842,48,122
1210,0.4125564016,26.243180327868842,48,122
1209,0.4148475656,26.243180327868842,48,122
1208,0.4091969754,26.243180327868842,48,122
1207,0.4094619918,26.243180327868842,48,122
1206,0.4162868770,26.243180327868842,48,122
1205,0.4131619754,26.243180327868842,48,122
1204,0.4094713934,26.243180327868842,48,122
1203,0.4140896721,26.243180327868842,48,122
1202,0.4123166148,26.243180327868842,48,122
1201,0.4165722787,26.243131147540975,48,122
1200,0.4260038689,26.243131147540975,48,122
1199,0.4278950984,26.22515573770491,48,122
1198,0.4161800410,26.22513934426229,48,122
1197,0.4197702951,26.225073770491793,48,122
1196,0.4155640574,26.224909836065564,48,122
1195,0.4103040656,26.16584426229507,48,122
1194,0.4152573607,26.16584426229507,48,122
1193,0.4157329508,26.159819672131135,48,122
1192,0.4143855410,26.159819672131135,48,122
1191,0.4083297049,26.135426229508184,48,122
1190,0.4083632541,26.135426229508184,48,122
1189,0.4098562951,26.135426229508184,48,122
1188,0.4125951803,26.135426229508184,48,122
1187,0.4179534918,26.135426229508184,48,122
1186,0.4214637213,26.127696721311466,48,122
1185,0.4173514508,26.127696721311466,48,122
1184,0.4145471721,26.1272213114754,48,122
1183,0.4077593689,26.110163934426218,48,122
1182,0.4049954836,26.110163934426218,48,122
1181,0.4067488115,26.102524590163924,48,122
1180,0.4108380738,26.085418032786876,48,122
1179,0.4025067131,26.085418032786876,48,122
1178,0.4038015000,26.060254098360648,48,122
1177,0.4083829918,26.060254098360648,48,122
1176,0.4090159180,26.060254098360648,48,122
1175,0.4117560246,26.060254098360648,48,122
1174,0.4153216066,26.060237704918023,48,122
1173,0.4109282377,26.027073770491796,48,122
1172,0.4163814426,26.027073770491796,48,122
1171,0.4164531311,26.010737704918025,48,122
1170,0.4196515984,25.992639344262287,48,122
1169,0.4116348934,25.992639344262287,48,122
1168,0.4120141311,25.924901639344256,48,122
1167,0.4011251803,25.924557377049176,48,122
1166,0.3929017213,25.808491803278685,48,122
1165,0.3988870164,25.808491803278685,48,122
1164,0.4039453197,25.808491803278685,48,122
1163,0.4075731639,25.808459016393435,48,122
1162,0.4087439754,25.808459016393435,48,122
1161,0.4094818934,25.79203278688524,48,122
1160,0.4060971967,25.79203278688524,48,122
1159,0.4106326721,25.79203278688524,48,122
1158,0.4112721721,25.79203278688524,48,122
1157,0.4103439098,25.79203278688524,48,122
1156,0.4211611639,25.79203278688524,48,122
1155,0.4206257377,25.79203278688524,48,122
1154,0.4230858607,25.79203278688524,48,122
1153,0.4241267131,25.79203278688524,48,122
1152,0.4222696066,25.79203278688524,48,122
1151,0.4241010410,25.79203278688524,48,122
1150,0.4139061967,25.79203278688524,48,122
1149,0.4109628607,25.79203278688524,48,122
1148,0.4085711393,25.758704918032784,48,122
1147,0.4061453197,25.742836065573766,48,122
1146,0.4051055574,25.742836065573766,48,122
1145,0.4050741475,25.742836065573766,48,122
1144,0.4078927049,25.742836065573766,48,122
1143,0.4002755328,25.742836065573766,48,122
1142,0.4077307623,25.742836065573766,48,122
1141,0.4071518443,25.726065573770484,48,122
1140,0.4136257869,25.726065573770484,48,122
1139,0.4138310164,25.726065573770484,48,122
1138,0.4163932213,25.72604098360655,48,122
1137,0.4117727459,25.72327868852458,48,122
1136,0.4123047377,25.72327868852458,48,122
1135,0.4154655164,25.72327868852458,48,122
1134,0.4219065738,25.72327868852458,48,122
1133,0.4129344754,25.72327868852458,48,122
1132,0.4092523279,25.72327868852458,48,122
1131,0.4101673361,25.723065573770484,48,122
1130,0.4225069426,25.723065573770484,48,122
1129,0.4166244016,25.70590163934426,48,122
1128,0.4219648443,25.70590163934426,48,122
1127,0.4167420410,25.689868852459014,48,122
1126,0.4145923607,25.689868852459014,48,122
1125,0.4144755328,25.68983606557377,48,122
1124,0.4157614262,25.68983606557377,48,122
1123,0.4084214590,25.68983606557377,48,122
1122,0.4088987377,25.689721311475406,48,122
1121,0.3934636803,25.689721311475406,48,122
1120,0.4022255492,25.689721311475406,48,122
1119,0.4091279836,25.689721311475406,48,122
1118,0.4122069672,25.689688524590164,48,122
1117,0.4231823934,25.689688524590164,48,122
1116,0.4194791721,25.689688524590164,48,122
1115,0.4180416066,25.689688524590164,48,122
1114,0.4204685328,25.689688524590164,48,122
1113,0.4262582295,25.689688524590164,48,122
1112,0.4260709016,25.689688524590164,48,122
1111,0.4221844754,25.689688524590164,48,122
1110,0.4032657869,25.689688524590164,48,122
1109,0.4071390820,25.689688524590164,48,122
1108,0.4155734918,25.68963934426229,48,122
1107,0.4152260574,25.68963934426229,48,122
1106,0.4171833115,25.689614754098354,48,122
1105,0.4175263115,25.68096721311475,48,122
1104,0.4182238770,25.68096721311475,48,122
1103,0.4114067295,25.680803278688522,48,122
1102,0.4085103770,25.680459016393435,48,122
1101,0.4077728361,25.680459016393435,48,122
1100,0.4160197705,25.680459016393435,48,122
1099,0.4149936803,25.67240983606557,48,122
1098,0.4056279918,25.67240983606557,48,122
1097,0.4143625820,25.67240983606557,48,122
1096,0.4045023115,25.67104918032786,48,122
1095,0.4066334016,25.670860655737698,48,122
1094,0.4119087049,25.670860655737698,48,122
1093,0.4153339836,25.670860655737698,48,122
1092,0.4103242213,25.670860655737698,48,122
1091,0.4058682541,25.670860655737698,48,122
1090,0.4021274426,25.670778688524578,48,122
1089,0.4091560984,25.670778688524578,48,122
1088,0.4105732951,25.670778688524578,48,122
1087,0.4194157377,25.67049999999999,48,122
1086,0.4274672049,25.67049999999999,48,122
1085,0.4248757787,25.67049999999999,48,122
1084,0.4254150984,25.67049999999999,48,122
1083,0.4151725820,25.67049999999999,48,122
1082,0.4082684426,25.67049999999999,48,122
1081,0.4117762623,25.67049999999999,48,122
1080,0.4104376148,25.67049999999999,48,122
1079,0.4027064098,25.67049999999999,48,122
1078,0.4015753033,25.670303278688518,48,122
1077,0.4003137213,25.670106557377043,48,122
1076,0.4041700410,25.670106557377043,48,122
1075,0.4106738197,25.661672131147533,48,122
1074,0.4077687295,25.661672131147533,48,122
1073,0.4054257295,25.661672131147533,48,122
1072,0.4063135574,25.661672131147533,48,122
1071,0.4118957213,25.661672131147533,48,122
1070,0.4108634016,25.65424590163934,48,122
1069,0.4120673033,25.65424590163934,48,122
1068,0.4101308934,25.63742622950819,48,122
1067,0.4103127623,25.63742622950819,48,122
1066,0.4176127213,25.63742622950819,48,122
1065,0.4158677049,25.63742622950819,48,122
1064,0.4208115902,25.63740983606557,48,122
1063,0.4169442951,25.63740983606557,48,122
1062,0.4124946803,25.61209836065573,48,122
1061,0.4159333770,25.61209016393442,48,122
1060,0.4122344918,25.61209016393442,48,122
1059,0.4195757705,25.61209016393442,48,122
1058,0.4100794098,25.612073770491794,48,122
1057,0.4148237377,25.61203278688524,48,122
1056,0.4230457951,25.61198360655737,48,122
1055,0.4127523443,25.61198360655737,48,122
1054,0.4185026230,25.61198360655737,48,122
1053,0.4194513361,25.61198360655737,48,122
1052,0.4261175246,25.61198360655737,48,122
1051,0.4213001311,25.61198360655737,48,122
1050,0.4117578279,25.611836065573765,48,122
1049,0.4106176148,25.611729508196714,48,122
1048,0.4082911148,25.611729508196714,48,122
1047,0.3952705000,25.578147540983597,48,122
1046,0.4063789098,25.578147540983597,48,122
1045,0.4160770492,25.578147540983597,48,122
1044,0.4157957131,25.578147540983597,48,122
1043,0.4150745164,25.578147540983597,48,122
1042,0.4192781557,25.561139344262283,48,122
1041,0.4171843279,25.56107377049179,48,122
1040,0.4196901148,25.56107377049179,48,122
1039,0.4136969918,25.56107377049179,48,122
1038,0.4124342623,25.561040983606546,48,122
1037,0.4177253279,25.561040983606546,48,122
1036,0.4186158115,25.561040983606546,48,122
1035,0.4133502213,25.560975409836058,48,122
1034,0.4205858197,25.560975409836058,48,122
1033,0.4107751885,25.560959016393433,48,122
1032,0.4097792951,25.560959016393433,48,122
1031,0.4142491393,25.55304098360655,48,122
1030,0.4145884344,25.552467213114745,48,122
1029,0.4198619754,25.552401639344254,48,122
1028,0.4148358689,25.552401639344254,48,122
1027,0.4143284754,25.552401639344254,48,122
1026,0.4096689836,25.552401639344254,48,122
1025,0.4109475820,25.552401639344254,48,122
1024,0.4105190082,25.52799999999999,48,122
1023,0.4123445164,25.52799999999999,48,122
1022,0.4091969426,25.52799999999999,48,122
1021,0.4162742213,25.527967213114746,48,122
1020,0.4070742049,25.527967213114746,48,122
1019,0.4123434426,25.52726229508196,48,122
1018,0.4032291803,25.52726229508196,48,122
1017,0.4040634344,25.48640983606557,48,122
1016,0.3997867787,25.485122950819665,48,122
1015,0.4038440328,25.417606557377045,48,122
1014,0.4026432377,25.417606557377045,48,122
1013,0.4047614590,25.400450819672127,48,122
1012,0.4020127459,25.400450819672127,48,122
1011,0.4068830574,25.400450819672127,48,122
1010,0.4146299016,25.38296721311475,48,122
1009,0.4183216066,25.38296721311475,48,122
1008,0.4149384344,25.38296721311475,48,122
1007,0.4180587869,25.367868852459015,48,122
1006,0.4167465574,25.367868852459015,48,122
1005,0.4159115820,25.367868852459015,48,122
1004,0.4234116967,25.367868852459015,48,122
1003,0.4121042869,25.361344262295077,48,122
1002,0.4093920902,25.361344262295077,48,122
1001,0.4082000082,25.361344262295077,48,122
1000,0.4106976967,25.361344262295077,48,122
999,0.4143251393,25.35309836065573,48,122
998,0.4093475492,25.35309836065573,48,122
997,0.4178173689,25.327147540983603,48,122
996,0.4214494016,25.326999999999995,48,122
995,0.4214163443,25.299524590163927,48,122
994,0.4259355082,25.299524590163927,48,122
993,0.4294687705,25.299524590163927,48,122
992,0.4233584262,25.267090163934423,48,122
991,0.4112228115,25.267090163934423,48,122
990,0.4037668361,25.249303278688522,48,122
989,0.4030769098,25.249303278688522,48,122
988,0.4122159590,25.24813934426229,48,122
987,0.4206260410,25.24813114754098,48,122
986,0.4200312213,25.223377049180325,48,122
985,0.4201733852,25.223327868852458,48,122
984,0.4126577623,25.223327868852458,48,122
983,0.4089143525,25.223327868852458,48,122
982,0.4050726721,25.223327868852458,48,122
981,0.4138462377,25.223245901639338,48,122
980,0.4217953525,25.198057377049174,48,122
979,0.4255357787,25.197499999999994,48,122
978,0.4140606803,25.197499999999994,48,122
977,0.4235286803,25.197418032786878,48,122
976,0.4199146803,25.080278688524583,48,122
975,0.4253584262,25.080278688524583,48,122
974,0.4214618689,25.080278688524583,48,122
973,0.4113205984,25.0792213114754,48,122
972,0.4153196393,25.06299999999999,48,122
971,0.4186452705,25.045434426229498,48,122
970,0.4179928443,25.045434426229498,48,122
969,0.4092875082,25.0390081967213,48,122
968,0.4107542705,25.03861475409835,48,122
967,0.4115261967,25.03861475409835,48,122
966,0.4205696885,25.03861475409835,48,122
965,0.4207754426,25.03861475409835,48,122
964,0.4165667705,25.030401639344255,48,122
963,0.4207220082,25.021524590163924,48,122
962,0.4196451066,25.021524590163924,48,122
961,0.4133862295,25.02144262295081,48,122
960,0.4173333279,24.996459016393434,48,122
959,0.4169998443,24.896647540983597,48,122
958,0.4231038279,24.896598360655727,48,122
957,0.4159907705,24.89504098360655,48,122
956,0.4096363361,24.89504098360655,48,122
955,0.4046854344,24.89504098360655,48,122
954,0.3972604590,24.89504098360655,48,122
953,0.4063150000,24.89504098360655,48,122
952,0.4057940246,24.894975409836057,48,122
951,0.4079403689,24.894975409836057,48,122
950,0.4063597787,24.894975409836057,48,122
949,0.4071698033,24.894975409836057,48,122
948,0.4097132377,24.875295081967202,48,122
947,0.4137463033,24.87527868852458,48,122
946,0.4093028033,24.87527868852458,48,122
945,0.4209055328,24.87527868852458,48,122
944,0.4168719918,24.858409836065565,48,122
943,0.4200314098,24.858327868852452,48,122
942,0.4248550574,24.84160655737704,48,122
941,0.4223016967,24.84160655737704,48,122
940,0.4251902213,24.84160655737704,48,122
939,0.4183805492,24.823877049180318,48,122
938,0.4190273852,24.815983606557367,48,122
937,0.4217567459,24.815983606557367,48,122
936,0.4198123525,24.807819672131142,48,122
935,0.4166224016,24.79963934426229,48,122
934,0.4143743525,24.79963934426229,48,122
933,0.4059589344,24.749868852459013,48,122
932,0.4113222213,24.749868852459013,48,122
931,0.4081749590,24.749868852459013,48,122
930,0.4119830738,24.72620491803278,48,122
929,0.4130809508,24.726172131147536,48,122
928,0.4141043770,24.726172131147536,48,122
927,0.4213704836,24.726172131147536,48,122
926,0.4194220984,24.725893442622944,48,122
925,0.4155950820,24.725893442622944,48,122
924,0.4162776230,24.693057377049175,48,122
923,0.4094167459,24.693057377049175,48,122
922,0.4150482623,24.693057377049175,48,122
921,0.4171656721,24.669852459016386,48,122
920,0.4225833689,24.669852459016386,48,122
919,0.4116546557,24.669852459016386,48,122
918,0.4131881803,24.669852459016386,48,122
917,0.4114127623,24.628352459016387,48,122
916,0.4165365328,24.628352459016387,48,122
915,0.4132827213,24.628352459016387,48,122
914,0.4091737951,24.628352459016387,48,122
913,0.4120225738,24.628352459016387,48,122
912,0.4098384508,24.62019672131147,48,122
911,0.4147178689,24.62019672131147,48,122
910,0.4190038689,24.62019672131147,48,122
909,0.4201795000,24.62019672131147,48,122
908,0.4196007623,24.62019672131147,48,122
907,0.4098344426,24.620180327868848,48,122
906,0.4073969098,24.620180327868848,48,122
905,0.4094337459,24.620180327868848,48,122
904,0.4094772951,24.620180327868848,48,122
903,0.4018581475,24.620180327868848,48,122
902,0.4076906230,24.620180327868848,48,122
901,0.4143482951,24.620180327868848,48,122
900,0.4200915820,24.620180327868848,48,122
899,0.4256296475,24.620139344262288,48,122
898,0.4205371721,24.620139344262288,48,122
897,0.4149476885,24.612073770491797,48,122
896,0.4136141967,24.611909836065568,48,122
895,0.4193579918,24.611909836065568,48,122
894,0.4211788689,24.611909836065568,48,122
893,0.4262879754,24.611909836065568,48,122
892,0.4113351230,24.611909836065568,48,122
891,0.4103780574,24.611909836065568,48,122
890,0.4161291230,24.611909836065568,48,122
889,0.4095679016,24.611909836065568,48,122
888,0.4050362787,24.611909836065568,48,122
887,0.4041798607,24.611532786885242,48,122
886,0.4093588033,24.58621311475409,48,122
885,0.4049809918,24.58621311475409,48,122
884,0.4140715902,24.58621311475409,48,122
883,0.4184184344,24.586155737704914,48,122
882,0.4227194672,24.586155737704914,48,122
881,0.4234875082,24.586155737704914,48,122
880,0.4221734098,24.586155737704914,48,122
879,0.4216134016,24.585999999999995,48,122
878,0.4119275738,24.57773770491803,48,122
877,0.4069696230,24.57773770491803,48,122
876,0.4075075246,24.48539344262295,48,122
875,0.4114877705,24.485360655737704,48,122
874,0.4132236967,24.485360655737704,48,122
873,0.4136013770,24.485360655737704,48,122
872,0.4134545574,24.485360655737704,48,122
871,0.4183328525,24.485360655737704,48,122
870,0.4138306557,24.485360655737704,48,122
869,0.4091559098,24.485360655737704,48,122
868,0.4133565164,24.485360655737704,48,122
867,0.4091729508,24.485360655737704,48,122
866,0.4033689836,24.48511475409836,48,122
865,0.4123066803,24.48511475409836,48,122
864,0.4161944836,24.48511475409836,48,122
863,0.4203738525,24.48511475409836,48,122
862,0.4169230246,24.48511475409836,48,122
861,0.4197028770,24.48511475409836,48,122
860,0.4090795000,24.48511475409836,48,122
859,0.4020093443,24.48511475409836,48,122
858,0.4010331721,24.48496721311475,48,122
857,0.3933376475,24.48488524590164,48,122
856,0.3995827951,24.48488524590164,48,122
855,0.4021009262,24.48488524590164,48,122
854,0.3949386803,24.48488524590164,48,122
853,0.3969650738,24.48488524590164,48,122
852,0.4030679590,24.484803278688524,48,122
851,0.4039204836,24.48455737704918,48,122
850,0.4116297951,24.48455737704918,48,122
849,0.4105980164,24.48455737704918,48,122
848,0.4143201230,24.48455737704918,48,122
847,0.4171792377,24.459418032786882,48,122
846,0.4166977623,24.45940983606557,48,122
845,0.4145774590,24.45940983606557,48,122
844,0.4166124016,24.45940983606557,48,122
843,0.4180077213,24.45940983606557,48,122
842,0.4215398934,24.459311475409834,48,122
841,0.4108212541,24.45929508196721,48,122
840,0.4197556557,24.459278688524588,48,122
839,0.4171612459,24.459278688524588,48,122
838,0.4109081393,24.459278688524588,48,122
837,0.4178335410,24.45901639344262,48,122
836,0.4112955164,24.458540983606557,48,122
835,0.4121722705,24.458540983606557,48,122
834,0.4164321393,24.458540983606557,48,122
833,0.4168574098,24.458540983606557,48,122
832,0.4201307623,24.458540983606557,48,122
831,0.4199682131,24.458540983606557,48,122
830,0.4143191721,24.458426229508195,48,122
829,0.4111912049,24.458426229508195,48,122
828,0.4116220492,24.458426229508195,48,122
827,0.4137524836,24.458426229508195,48,122
826,0.4145872541,24.458426229508195,48,122
825,0.4088028934,24.458426229508195,48,122
824,0.4126601148,24.458426229508195,48,122
823,0.4058503197,24.458418032786888,48,122
822,0.4104896066,24.45016393442623,48,122
821,0.4053142869,24.449426229508198,48,122
820,0.4132148770,24.449426229508198,48,122
819,0.4130084016,24.449426229508198,48,122
818,0.4090668279,24.399188524590166,48,122
817,0.4078200164,24.399188524590166,48,122
816,0.4157354672,24.399122950819674,48,122
815,0.4135946393,24.399122950819674,48,122
814,0.4156793525,24.391426229508195,48,122
813,0.4088484672,24.390967213114752,48,122
812,0.4113608279,24.390967213114752,48,122
811,0.4051654262,24.390967213114752,48,122
810,0.4046003279,24.390967213114752,48,122
809,0.4044719508,24.390967213114752,48,122
808,0.4069046557,24.340786885245898,48,122
807,0.4131386885,24.340786885245898,48,122
806,0.4053983934,24.340786885245898,48,122
805,0.4064871803,24.340786885245898,48,122
804,0.4042182951,24.340786885245898,48,122
803,0.3960645082,24.340786885245898,48,122
802,0.4036461557,24.340786885245898,48,122
801,0.4048634590,24.340786885245898,48,122
800,0.4121019098,24.340786885245898,48,122
799,0.4152985574,24.340786885245898,48,122
798,0.4160317459,24.3327868852459,48,122
797,0.4171955738,24.3325737704918,48,122
796,0.4167927377,24.3325737704918,48,122
795,0.4216112869,24.3325737704918,48,122
794,0.4169089098,24.3325737704918,48,122
793,0.4127297131,24.332557377049177,48,122
792,0.4198354672,24.325024590163927,48,122
791,0.4247391311,24.325024590163927,48,122
790,0.4268815410,24.325024590163927,48,122
789,0.4222755000,24.32497540983606,48,122
788,0.4262038770,24.32497540983606,48,122
787,0.4208248443,24.32491803278688,48,122
786,0.4186380000,24.320491803278685,48,122
785,0.4161410492,24.263680327868848,48,122
784,0.4039564016,24.263680327868848,48,122
783,0.4032608197,24.263680327868848,48,122
782,0.4058594180,24.263680327868848,48,122
781,0.4118627787,24.263680327868848,48,122
780,0.4146095574,24.263680327868848,48,122
779,0.4191571311,24.25611475409836,48,122
778,0.4053609016,24.25611475409836,48,122
777,0.4063906721,24.25611475409836,48,122
776,0.4102852459,24.201049180327868,48,122
775,0.4204903934,24.201049180327868,48,122
774,0.4126055082,24.167983606557375,48,122
773,0.4138596803,24.167983606557375,48,122
772,0.4099301230,24.167983606557375,48,122
771,0.4090264590,24.167983606557375,48,122
770,0.4091395738,24.16795901639344,48,122
769,0.4004948033,24.150868852459013,48,122
768,0.3957358770,24.150868852459013,48,122
767,0.4026398689,24.142754098360655,48,122
766,0.4081828115,24.142696721311474,48,122
765,0.4049889098,24.142696721311474,48,122
764,0.4060387213,24.141434426229505,48,122
763,0.4115543770,24.141254098360655,48,122
762,0.4195282213,24.134336065573766,48,122
761,0.4163370000,24.134336065573766,48,122
760,0.4154530328,24.12602459016393,48,122
759,0.4161898279,24.11890983606557,48,122
758,0.4192486230,24.11890983606557,48,122
757,0.4204733115,24.11890983606557,48,122
756,0.4146995410,24.11890983606557,48,122
755,0.4086105574,24.118713114754097,48,122
754,0.4116855984,24.118713114754097,48,122
753,0.4092185574,24.118663934426223,48,122
752,0.4135580656,24.118663934426223,48,122
751,0.4174099918,24.118663934426223,48,122
750,0.4116843852,24.118663934426223,48,122
749,0.4064692377,24.118663934426223,48,122
748,0.4022380738,24.118647540983602,48,122
747,0.4005121803,24.118499999999994,48,122
746,0.4066154836,24.118499999999994,48,122
745,0.4084091721,24.118499999999994,48,122
744,0.4108694508,24.11019672131147,48,122
743,0.4152332295,24.11013114754098,48,122
742,0.4117426311,24.11013114754098,48,122
741,0.4099374262,24.11013114754098,48,122
740,0.4062202459,24.11013114754098,48,122
739,0.4148899426,24.11013114754098,48,122
738,0.4202718443,24.11013114754098,48,122
737,0.4204493197,24.11013114754098,48,122
736,0.4224485738,24.11013114754098,48,122
735,0.4155825820,24.08522950819672,48,122
734,0.4090564918,24.08522950819672,48,122
733,0.4053795410,24.08522950819672,48,122
732,0.4034695820,24.08522950819672,48,122
731,0.4064210984,24.085180327868848,48,122
730,0.4001207295,24.085180327868848,48,122
729,0.4074350820,24.085180327868848,48,122
728,0.4028704672,24.085180327868848,48,122
727,0.4050545984,24.085147540983602,48,122
726,0.4071045492,24.077049180327865,48,122
725,0.4043739262,24.077049180327865,48,122
724,0.4121362623,24.051877049180327,48,122
723,0.4063838689,24.051877049180327,48,122
722,0.4022745902,24.051877049180327,48,122
721,0.4067210164,24.051877049180327,48,122
720,0.4137563770,24.043778688524586,48,122
719,0.4056006066,24.043778688524586,48,122
718,0.4019801393,24.043778688524586,48,122
717,0.4062388934,24.043778688524586,48,122
716,0.4116507705,24.043778688524586,48,122
715,0.4198430902,24.043778688524586,48,122
714,0.4189062213,24.043778688524586,48,122
713,0.4129166148,24.01969672131147,48,122
712,0.4162908934,24.019696721311472,48,122
711,0.4186298852,24.019696721311472,48,122
710,0.4110314262,24.019696721311472,48,122
709,0.4118040574,24.019696721311472,48,122
708,0.4146126311,24.019696721311472,48,122
707,0.4143463279,24.019696721311472,48,122
706,0.4109806557,24.019696721311472,48,122
705,0.4146920902,24.019696721311472,48,122
704,0.4090277705,24.00983606557377,48,122
703,0.4183373033,24.00983606557377,48,122
702,0.4130175574,24.00983606557377,48,122
701,0.4167879590,24.00983606557377,48,122
700,0.4179148852,23.984836065573766,48,122
699,0.4201464672,23.98475409836065,48,122
698,0.4183492377,23.984704918032783,48,122
697,0.4158856066,23.984688524590158,48,122
696,0.4092859016,23.984688524590158,48,122
695,0.4174716393,23.984688524590158,48,122
694,0.4135152951,23.984491803278683,48,122
693,0.4168537951,23.98426229508196,48,122
692,0.4134363525,23.98426229508196,48,122
691,0.4130446803,23.98418032786885,48,122
690,0.4122423197,23.98418032786885,48,122
689,0.4142781639,23.98418032786885,48,122
688,0.4058821639,23.98418032786885,48,122
687,0.4056511639,23.93542622950819,48,122
686,0.4001155246,23.93542622950819,48,122
685,0.4019628033,23.93542622950819,48,122
684,0.4077010328,23.89417213114754,48,122
683,0.4145603852,23.8779344262295,48,122
682,0.4117116557,23.870532786885242,48,122
681,0.4197260738,23.870532786885242,48,122
680,0.4131173770,23.858262295081964,48,122
679,0.4198660082,23.858262295081964,48,122
678,0.4125831475,23.85808196721311,48,122
677,0.4071294672,23.85808196721311,48,122
676,0.4142186230,23.85808196721311,48,122
675,0.4133185000,23.85808196721311,48,122
674,0.4165266230,23.85808196721311,48,122
673,0.4096669836,23.85808196721311,48,122
672,0.4122476393,23.85808196721311,48,122
671,0.4091449590,23.756155737704912,48,122
670,0.3994288361,23.64849999999999,48,122
669,0.4084108279,23.529467213114746,48,122
668,0.4092749836,23.529467213114746,48,122
667,0.4091124180,23.529401639344254,48,122
666,0.4073272213,23.529401639344254,48,122
665,0.4139258115,23.529401639344254,48,122
664,0.4104427705,23.529401639344254,48,122
663,0.4108985164,23.529385245901633,48,122
662,0.4124093689,23.495581967213106,48,122
661,0.4100500492,23.495581967213106,48,122
660,0.4040055246,23.49557377049179,48,122
659,0.4047027869,23.49557377049179,48,122
658,0.4090347459,23.487467213114744,48,122
657,0.4078156967,23.487467213114744,48,122
656,0.4109470574,23.469540983606546,48,122
655,0.4146352869,23.469540983606546,48,122
654,0.4229909016,23.46953278688524,48,122
653,0.4189441557,23.46951639344261,48,122
652,0.4272076393,23.418893442622938,48,122
651,0.4179643361,23.40999999999999,48,122
650,0.4189804754,23.39349180327868,48,122
649,0.4159887049,23.393467213114743,48,122
648,0.4219357049,23.393467213114743,48,122
647,0.4136865410,23.393467213114743,48,122
646,0.4158208279,23.393385245901626,48,122
645,0.4156275328,23.39271311475409,48,122
644,0.4230031148,23.39271311475409,48,122
643,0.4198581230,23.39271311475409,48,122
642,0.4187624590,23.392663934426224,48,122
641,0.4163231311,23.384975409836063,48,122
640,0.4196209754,23.384975409836063,48,122
639,0.4120191885,23.384975409836063,48,122
638,0.4185604098,23.37677868852459,48,122
637,0.4130191557,23.376713114754097,48,122
636,0.4168135328,23.376704918032782,48,122
635,0.4183965246,23.376704918032782,48,122
634,0.4124265082,23.376704918032782,48,122
633,0.4209848934,23.368524590163933,48,122
632,0.4109239016,23.368524590163933,48,122
631,0.4140493525,23.36834426229508,48,122
630,0.4173187951,23.32625409836065,48,122
629,0.4210574180,23.32623770491803,48,122
628,0.4142068361,23.32623770491803,48,122
627,0.4177978852,23.32623770491803,48,122
626,0.4266988607,23.32623770491803,48,122
625,0.4222470410,23.32623770491803,48,122
624,0.4192149180,23.326049180327864,48,122
623,0.4186603361,23.326049180327864,48,122
622,0.4092198279,23.28397540983606,48,122
621,0.4025405246,23.275778688524586,48,122
620,0.4091881311,23.242459016393443,48,122
619,0.4147220984,23.234319672131146,48,122
618,0.4175052869,23.234319672131146,48,122
617,0.4116632213,23.234319672131146,48,122
616,0.4143339590,23.234319672131146,48,122
615,0.4173017049,23.225803278688527,48,122
614,0.4230558115,23.225508196721314,48,122
613,0.4224718607,23.225508196721314,48,122
612,0.4162272951,23.225508196721314,48,122
611,0.4115250574,23.225508196721314,48,122
610,0.4025010082,23.225508196721314,48,122
609,0.4005218197,23.082040983606557,48,122
608,0.4083272951,23.082040983606557,48,122
607,0.4032402869,23.082040983606557,48,122
606,0.3969358770,23.082040983606557,48,122
605,0.4056441803,23.082040983606557,48,122
604,0.4059739508,23.082040983606557,48,122
603,0.4104904098,23.082040983606557,48,122
602,0.4136311311,23.082040983606557,48,122
601,0.4056233689,23.082040983606557,48,122
600,0.4051020820,23.081959016393444,48,122
599,0.4076440246,23.056991803278688,48,122
598,0.4049100820,23.00687704918033,48,122
597,0.4046621148,23.00687704918033,48,122
596,0.4032003689,23.00687704918033,48,122
595,0.4079622131,23.00687704918033,48,122
594,0.4095925984,23.006778688524587,48,122
593,0.4096970984,22.998368852459016,48,122
592,0.4115883115,22.998368852459016,48,122
591,0.4139434180,22.998368852459016,48,122
590,0.4159762459,22.98251639344262,48,122
589,0.4151210738,22.98251639344262,48,122
588,0.4109521311,22.98250819672131,48,122
587,0.4165658525,22.982065573770488,48,122
586,0.4117077623,22.98196721311475,48,122
585,0.4090295738,22.98196721311475,48,122
584,0.4215066475,22.98196721311475,48,122
583,0.4187935164,22.94098360655737,48,122
582,0.4110245328,22.94098360655737,48,122
581,0.4179490902,22.9166475409836,48,122
580,0.4149531803,22.916622950819665,48,122
579,0.4141952131,22.916622950819665,48,122
578,0.4250951721,22.89170491803278,48,122
577,0.4159484754,22.84982786885245,48,122
576,0.4250578770,22.84982786885245,48,122
575,0.4269760082,22.848155737704914,48,122
574,0.4302164754,22.83223770491803,48,122
573,0.4298372213,22.83223770491803,48,122
572,0.4285721803,22.832147540983602,48,122
571,0.4178117787,22.831803278688522,48,122
570,0.4197527049,22.831639344262292,48,122
569,0.4149950984,22.823983606557373,48,122
568,0.4162177787,22.823975409836063,48,122
567,0.4090294836,22.823975409836063,48,122
566,0.3979951311,22.823975409836063,48,122
565,0.4026674836,22.823975409836063,48,122
564,0.4106619672,22.823893442622943,48,122
563,0.4156620820,22.82379508196721,48,122
562,0.4187891803,22.81663934426229,48,122
561,0.4078919836,22.81663934426229,48,122
560,0.4040632049,22.78338524590163,48,122
559,0.4119540082,22.759401639344254,48,122
558,0.4032605246,22.75104918032786,48,122
557,0.4165352951,22.75104918032786,48,122
556,0.4176211885,22.70918032786885,48,122
555,0.4183245902,22.70918032786885,48,122
554,0.4161867213,22.700926229508188,48,122
553,0.4183318443,22.700926229508188,48,122
552,0.4239165574,22.700926229508188,48,122
551,0.4167735328,22.700926229508188,48,122
550,0.4239681066,22.700483606557373,48,122
549,0.4246348934,22.591106557377042,48,122
548,0.4277966475,22.582565573770488,48,122
547,0.4248051066,22.582565573770488,48,122
546,0.4187624508,22.558016393442617,48,122
545,0.4146631311,22.516491803278683,48,122
544,0.4228040410,22.466155737704913,48,122
543,0.4171788033,22.466155737704913,48,122
542,0.4120793525,22.458262295081962,48,122
541,0.4144532705,22.458262295081962,48,122
540,0.4172679672,22.458262295081962,48,122
539,0.4156403361,22.417442622950816,48,122
538,0.4165554426,22.417131147540978,48,122
537,0.4180353770,22.41059016393442,48,122
536,0.4080315410,22.41059016393442,48,122
535,0.4053061066,22.402672131147536,48,122
534,0.4075143361,22.402672131147536,48,122
533,0.4137419016,22.402155737704913,48,122
532,0.4218153607,22.401827868852454,48,122
531,0.4254788689,22.401827868852454,48,122
530,0.4249280984,22.401827868852454,48,122
529,0.4148505820,22.401827868852454,48,122
528,0.4060030246,22.39265573770491,48,122
527,0.4059738934,22.39263114754098,48,122
526,0.4073769918,22.39263114754098,48,122
525,0.4106733934,22.366622950819668,48,122
524,0.4008954180,22.366622950819668,48,122
523,0.4093976475,22.366622950819668,48,122
522,0.4171655082,22.366622950819668,48,122
521,0.4136454672,22.366622950819668,48,122
520,0.4134800492,22.366622950819668,48,122
519,0.4083456393,22.366622950819668,48,122
518,0.4072765164,22.358114754098356,48,122
517,0.4047534918,22.358114754098356,48,122
516,0.4113152459,22.35809836065573,48,122
515,0.4122668852,22.35809016393442,48,122
514,0.4086790984,22.34935245901639,48,122
513,0.4082051148,22.333155737704914,48,122
512,0.4066265000,22.333106557377047,48,122
511,0.4103045000,22.333106557377047,48,122
510,0.4055359098,22.333106557377047,48,122
509,0.4113229262,22.332926229508196,48,122
508,0.4095043279,22.332926229508196,48,122
507,0.4071995328,22.332926229508196,48,122
506,0.4141408934,22.332926229508196,48,122
505,0.4150234344,22.31599180327869,48,122
504,0.4048815574,22.315827868852455,48,122
503,0.4174450738,22.315827868852455,48,122
502,0.4170037951,22.315827868852455,48,122
501,0.4170303033,22.30763114754098,48,122
500,0.4157244180,22.2992868852459,48,122
499,0.4228350246,22.2992868852459,48,122
498,0.4185993443,22.232983606557372,48,122
497,0.4157758934,22.19968852459016,48,122
496,0.4112584836,22.19185245901639,48,122
495,0.4067421311,22.19185245901639,48,122
494,0.4110337049,22.19185245901639,48,122
493,0.4141972213,22.117278688524586,48,122
492,0.4090005984,22.109221311475405,48,122
491,0.4096691721,22.109221311475405,48,122
490,0.4097635410,22.109221311475405,48,122
489,0.4145708115,22.091885245901633,48,122
488,0.4102664754,22.075213114754096,48,122
487,0.4079323934,22.075213114754096,48,122
486,0.4075552377,22.07520491803278,48,122
485,0.4070247787,22.05848360655737,48,122
484,0.4029059754,22.05023770491803,48,122
483,0.4046254180,22.05009016393442,48,122
482,0.3975792951,22.05009016393442,48,122
481,0.4054472295,22.04037704918032,48,122
480,0.4010071475,22.023581967213108,48,122
479,0.4076989344,22.023516393442613,48,122
478,0.4047398770,22.02349180327868,48,122
477,0.4097047377,21.990245901639337,48,122
476,0.4127452869,21.990245901639337,48,122
475,0.4049596066,21.973688524590155,48,122
474,0.4050913197,21.96562295081966,48,122
473,0.4114916393,21.89827049180327,48,122
472,0.4181503197,21.898237704918024,48,122
471,0.4132669672,21.889778688524583,48,122
470,0.4145228525,21.8814344262295,48,122
469,0.4211089426,21.8814344262295,48,122
468,0.4154613115,21.8814344262295,48,122
467,0.4160938770,21.8814344262295,48,122
466,0.4186165164,21.8814344262295,48,122
465,0.4181173689,21.8814344262295,48,122
464,0.4194670328,21.8814344262295,48,122
463,0.4213720820,21.851467213114745,48,122
462,0.4148963443,21.843106557377038,48,122
461,0.4116304016,21.83449999999999,48,122
460,0.4209955656,21.83449999999999,48,122
459,0.4258854754,21.83449999999999,48,122
458,0.4205543197,21.83449999999999,48,122
457,0.4173662787,21.83449999999999,48,122
456,0.4099176066,21.82546721311475,48,122
455,0.4100515574,21.825434426229503,48,122
454,0.4150787131,21.825434426229503,48,122
453,0.4142313115,21.825352459016386,48,122
452,0.4031585082,21.805811475409833,48,122
451,0.4095124180,21.79790983606557,48,122
450,0.4181131066,21.797647540983604,48,122
449,0.4144148279,21.790098360655737,48,122
448,0.4096197459,21.789803278688524,48,122
447,0.4122949590,21.789803278688524,48,122
446,0.4176466803,21.78908196721311,48,122
445,0.4163246967,21.78908196721311,48,122
444,0.4168275492,21.670745901639343,48,122
443,0.4115706066,21.670745901639343,48,122
442,0.4105343443,21.670745901639343,48,122
441,0.4182774754,21.670745901639343,48,122
440,0.4169695820,21.670598360655735,48,122
439,0.4142988770,21.670581967213113,48,122
438,0.4241867705,21.670581967213113,48,122
437,0.4264769754,21.67002459016393,48,122
436,0.4195771230,21.621483606557376,48,122
435,0.4118457705,21.621303278688526,48,122
434,0.4069800410,21.62117213114754,48,122
433,0.4020717295,21.62117213114754,48,122
432,0.4103977459,21.5967868852459,48,122
431,0.4050768770,21.596655737704918,48,122
430,0.3928746557,21.565409836065573,48,122
429,0.3994647787,21.540704918032787,46,122
428,0.4019112049,21.516352459016392,46,122
427,0.4040819590,21.516352459016392,46,122
426,0.4070138033,21.516237704918034,46,122
425,0.4126877951,21.51598360655738,46,122
424,0.4148611475,21.506959016393445,46,122
423,0.4204640984,21.506770491803284,46,122
422,0.4202322213,21.473327868852465,46,122
421,0.4212776148,21.47331147540984,46,122
420,0.4107541721,21.473188524590167,46,122
419,0.4119413852,21.431680327868854,46,122
418,0.4122733443,21.43138524590164,46,122
417,0.4123455000,21.43138524590164,46,122
416,0.4089180164,21.43138524590164,46,122
415,0.4134143607,21.43138524590164,46,122
414,0.4177605246,21.4313524590164,46,122
413,0.4025391230,21.42365573770492,46,122
412,0.4031345574,21.42365573770492,46,122
411,0.4089494426,21.42293442622951,46,122
410,0.4131852541,21.422836065573772,46,122
409,0.4151825000,21.422836065573772,46,122
408,0.4034704344,21.422836065573772,46,122
407,0.4093470574,21.42260655737705,46,122
406,0.4106839262,21.41493442622951,46,122
405,0.4127962049,21.41493442622951,46,122
404,0.4209441475,21.406122950819675,46,122
403,0.4106213033,21.380516393442626,46,122
402,0.4224730082,21.380499999999998,46,122
401,0.4259563934,21.380418032786885,46,122
400,0.4198752705,21.38004918032787,46,122
399,0.4114121721,21.346999999999998,46,122
398,0.4142805164,21.33872131147541,46,122
397,0.4125286721,21.33872131147541,46,122
396,0.4137295410,21.312762295081964,46,122
395,0.4067044590,21.154032786885246,46,122
394,0.4109629098,21.154032786885246,46,122
393,0.4220595000,21.154032786885246,46,122
392,0.4168715902,21.154032786885246,46,122
391,0.4094079836,21.152819672131145,46,122
390,0.4170089426,21.152655737704915,46,122
389,0.4206661557,21.152622950819673,46,122
388,0.4140594836,21.07869672131147,46,122
387,0.4073533115,21.06122950819672,46,122
386,0.4126455164,21.061180327868847,46,122
385,0.4061885410,21.061147540983605,46,122
384,0.4110554426,21.036459016393437,46,122
383,0.4153279754,21.036459016393437,46,122
382,0.4128332459,21.029163934426226,46,122
381,0.4083539262,21.02907377049179,46,122
380,0.4069627295,20.946967213114746,46,122
379,0.4043061393,20.913016393442614,46,122
378,0.4051254836,20.904868852459007,46,122
377,0.4014728279,20.904868852459007,46,122
376,0.4090146393,20.904868852459007,46,122
375,0.4106227459,20.870352459016384,46,122
374,0.4181127869,20.837426229508193,46,122
373,0.4180425574,20.821508196721307,46,122
372,0.4173601475,20.821508196721307,46,122
371,0.4228787787,20.821475409836065,46,122
370,0.4170663525,20.806393442622948,46,122
369,0.4186029836,20.79786885245902,46,122
368,0.4253086066,20.797852459016394,46,122
367,0.4254553852,20.776475409836067,46,122
366,0.4268979918,20.77581967213115,46,122
365,0.4193678279,20.77581967213115,46,122
364,0.4202454426,20.775786885245903,46,122
363,0.4207757951,20.775786885245903,46,122
362,0.4134489016,20.745065573770493,46,122
361,0.4094395984,20.646204918032787,46,122
360,0.4037625000,20.637754098360656,46,122
359,0.3951152951,20.637754098360656,46,122
358,0.3987764918,20.621475409836066,46,122
357,0.3978325246,20.605549180327866,46,122
356,0.3964935000,20.605139344262295,46,122
355,0.4053490082,20.605024590163936,46,122
354,0.4029230574,20.604893442622952,46,122
353,0.4079344836,20.604893442622952,46,122
352,0.4093689590,20.604639344262296,46,122
351,0.4049255164,20.60431967213115,46,122
350,0.4033347213,20.5602868852459,46,122
349,0.4047195082,20.493344262295082,46,122
348,0.3977225410,20.493344262295082,46,122
347,0.3984837213,20.493196721311477,46,122
346,0.4040236721,20.493196721311477,46,122
345,0.4051469836,20.49022950819672,46,122
344,0.4001196639,20.490204918032784,46,122
343,0.4035925820,20.489811475409837,46,122
342,0.4024026721,20.489786885245902,46,122
341,0.3985775082,20.417639344262298,46,122
340,0.4087732459,20.417639344262298,46,122
339,0.4149780656,20.417639344262298,46,122
338,0.4164804590,20.386491803278684,46,122
337,0.4100759590,20.386491803278684,46,122
336,0.4053433279,20.361409836065572,46,122
335,0.4092370492,20.344368852459016,46,122
334,0.4075808934,20.300032786885243,46,122
333,0.4094973607,20.26562295081967,46,122
332,0.4198896803,20.257360655737703,46,122
331,0.4247956393,20.257360655737703,46,122
330,0.4123281639,20.25734426229508,46,122
329,0.4067836803,20.256737704918034,46,122
328,0.4098042623,20.256393442622947,46,122
327,0.4134381639,20.247901639344263,46,122
326,0.4044700410,20.247860655737703,46,122
325,0.4066833279,20.247860655737703,46,122
324,0.4109393361,20.239459016393443,46,122
323,0.4183347131,20.239426229508197,46,122
322,0.4244624098,20.239426229508197,46,122
321,0.4202925164,20.239360655737705,46,122
320,0.4143475164,20.20781967213115,46,122
319,0.4107263197,20.20781967213115,46,122
318,0.4093529180,20.191032786885245,46,122
317,0.4156119180,20.091467213114754,46,122
316,0.4165436393,20.083696721311473,46,122
315,0.4129631967,20.042090163934425,46,122
314,0.4061682131,20.042090163934425,46,122
313,0.4039310082,20.042090163934425,46,122
312,0.4103724918,20.0419262295082,46,122
311,0.4080232295,20.04176229508197,46,122
310,0.4096779344,20.04159016393443,46,122
309,0.4159930082,20.04159016393443,46,122
308,0.4187602295,20.04154098360656,46,122
307,0.4154919836,20.024549180327867,46,122
306,0.4161209098,19.992672131147543,46,122
305,0.4187041803,19.99255737704918,46,122
304,0.4065524672,19.9912131147541,46,122
303,0.4112939918,19.952442622950823,46,122
302,0.4069341721,19.943688524590165,46,122
301,0.4075916885,19.943606557377052,46,122
300,0.4097429508,19.926754098360654,46,122
299,0.4130974344,19.926508196721308,46,122
298,0.4141283279,19.910057377049178,46,122
297,0.4160442623,19.91000819672131,46,122
296,0.4171761639,19.91000819672131,46,122
295,0.4178672459,19.876868852459012,46,122
294,0.4161973361,19.876368852459013,46,122
293,0.4112174016,19.875950819672124,46,122
292,0.4187625410,19.835393442622944,46,122
291,0.4159934918,19.835163934426223,46,122
290,0.4168168607,19.835131147540977,46,122
289,0.4182305984,19.75226229508196,46,122
288,0.4165680410,19.6864344262295,46,122
287,0.4167224016,19.6864344262295,46,122
286,0.4161053525,19.669721311475403,46,122
285,0.4126635984,19.627262295081962,46,122
284,0.4087265492,19.627262295081962,46,122
283,0.4204882541,19.627196721311467,46,122
282,0.4168693361,19.577639344262288,46,122
281,0.4097863361,19.577639344262288,46,122
280,0.4114450164,19.526827868852457,46,122
279,0.4088971393,19.52668852459016,46,122
278,0.4113711393,19.518188524590162,46,122
277,0.4149921148,19.518188524590162,46,122
276,0.4137707951,19.518188524590162,46,122
275,0.4180311148,19.50147540983606,46,122
274,0.4098051311,19.48472950819672,46,122
273,0.4104238279,19.46650819672131,46,122
272,0.4148407131,19.45030327868852,46,122
271,0.4167738934,19.33418852459016,46,122
270,0.4129026148,19.3340737704918,46,122
269,0.4091435164,19.257139344262292,46,122
268,0.4142702377,19.240942622950815,46,122
267,0.4157937295,19.216508196721307,46,122
266,0.4163679754,19.16073770491803,46,122
265,0.4185038279,19.143893442622947,46,122
264,0.4176669344,19.115770491803275,46,122
263,0.4055207705,19.115680327868848,46,122
262,0.4023501967,19.09848360655737,46,122
261,0.3986335574,19.09848360655737,46,122
260,0.3971267213,19.098467213114745,46,122
259,0.3935361639,19.04755737704917,46,122
258,0.4078975000,19.04754918032786,46,122
257,0.4039930574,19.02213114754098,46,122
256,0.4115754590,18.94566393442622,46,122
255,0.4140234918,18.944836065573764,46,122
254,0.4128087623,18.944836065573764,46,122
253,0.4090721475,18.909303278688515,46,122
252,0.4095828525,18.88437704918032,46,122
251,0.4130709098,18.825631147540978,46,122
250,0.4140823033,18.825598360655732,46,122
249,0.4115356393,18.807754098360654,46,122
248,0.4102887705,18.807754098360654,46,122
247,0.4105704262,18.789721311475407,46,122
246,0.4127279754,18.763942622950815,46,122
245,0.4177548689,18.714254098360648,46,122
244,0.4209173443,18.70703278688524,46,122
243,0.4199254262,18.641278688524586,46,122
242,0.4226496967,18.608352459016388,46,122
241,0.4232029590,18.600278688524586,46,122
240,0.4261607705,18.559516393442617,46,122
239,0.4230516639,18.534786885245897,46,122
238,0.4186371311,18.50975409836065,46,122
237,0.4210111557,18.50975409836065,46,122
236,0.4257346230,18.50975409836065,46,122
235,0.4278583689,18.46040163934426,46,122
234,0.4257954672,18.43709016393442,46,122
233,0.4253673279,18.36942622950819,45,122
232,0.4149574672,18.31871311475409,45,122
231,0.4109561967,18.293885245901635,45,122
230,0.4214566230,18.202188524590156,45,122
229,0.4170196230,18.092393442622942,45,122
228,0.4237788361,17.899286885245896,42,122
227,0.4170755902,17.86533606557376,42,122
226,0.4158857951,17.845409836065564,42,122
225,0.4180796148,17.840540983606548,42,122
224,0.4200991557,17.748622950819666,42,122
223,0.4211620492,17.748057377049175,42,122
222,0.4211687295,17.747975409836062,42,122
221,0.4197951311,17.690844262295077,42,122
220,0.4273662541,17.690844262295077,42,122
219,0.4141086721,17.671721311475405,42,122
218,0.4056530164,17.671606557377046,42,122
217,0.4036535984,17.65375409836065,42,122
216,0.4068388033,17.628819672131144,42,122
215,0.4032698279,17.621893442622945,42,122
214,0.3964666230,17.563885245901634,42,122
213,0.3941981230,17.48041803278688,42,122
212,0.3883369262,17.413672131147536,42,122
211,0.3981041721,17.38002459016393,42,122
210,0.4047048443,17.373344262295078,42,122
209,0.4064075984,17.35658196721311,42,122
208,0.4159670574,17.313852459016385,42,122
207,0.4182141557,17.31377049180327,42,122
206,0.4138868525,17.305524590163927,42,122
205,0.4031149836,17.30532786885245,42,122
204,0.4102820574,17.30532786885245,42,122
203,0.4085449098,17.271680327868843,42,122
202,0.4124309016,17.271581967213105,42,122
201,0.4182481967,17.19489344262294,42,122
200,0.4184775902,17.185040983606548,42,122
199,0.4227274754,17.185040983606548,42,122
198,0.4237529754,17.184991803278677,42,122
197,0.4295189344,17.099918032786878,42,122
196,0.4295229426,17.049409836065568,42,122
195,0.4165865984,16.990352459016385,42,122
194,0.4215750164,16.880475409836055,39,122
193,0.4071662295,16.88004918032786,39,122
192,0.4157416475,16.871696721311466,39,122
191,0.4128490082,16.862204918032777,39,122
190,0.4116322049,16.812762295081956,39,122
189,0.4005727541,16.787491803278677,39,122
188,0.4043122951,16.74317213114753,39,122
187,0.4137108197,16.702688524590158,39,122
186,0.4206904426,16.702360655737696,39,122
185,0.4184459098,16.702352459016385,39,122
184,0.4188668852,16.647049180327862,39,122
183,0.4140556066,16.568590163934417,39,122
182,0.4196096557,16.48576229508196,39,122
181,0.4172279344,16.424196721311464,39,122
180,0.4123907213,16.340688524590156,39,122
179,0.4125008033,16.321680327868844,39,122
178,0.4159820000,16.321532786885236,39,122
177,0.4154218607,16.269245901639334,39,122
176,0.4100113607,16.103295081967204,39,122
175,0.4170767295,16.094237704918022,39,122
174,0.4141511557,16.085254098360647,39,122
173,0.4167893361,16.075606557377043,39,122
172,0.4157413852,16.075172131147532,39,122
171,0.4110784672,16.02599999999999,39,122
170,0.4084225902,15.892622950819662,39,122
169,0.4114001803,15.884909836065564,39,122
168,0.4095751066,15.834172131147533,39,122
167,0.4174595820,15.774795081967204,39,122
166,0.4180825738,15.69220491803278,39,122
165,0.4253599836,15.691909836065566,39,122
164,0.4189736475,15.686278688524583,39,122
163,0.4263232459,15.685721311475401,39,122
162,0.4190855574,15.677155737704913,39,122
161,0.4200399098,15.643803278688518,39,122
160,0.4236493689,15.63441803278688,39,122
159,0.4259346066,15.601721311475403,39,122
158,0.4305586393,15.527950819672125,39,122
157,0.4268425164,15.469926229508191,39,122
156,0.4252761803,15.42837704918032,39,122
155,0.4309166311,15.36875409836065,39,122
154,0.4293925574,15.359483606557374,39,122
153,0.4340650246,15.304926229508196,39,122
152,0.4343030738,15.246860655737704,39,122
151,0.4329107869,15.163459016393443,39,122
150,0.4279573279,15.129713114754097,39,122
149,0.4344457049,15.096639344262293,39,122
148,0.4288195656,15.062704918032786,39,122
147,0.4275286066,15.01318032786885,39,122
146,0.4224848197,14.970590163934423,39,122
145,0.4244857459,14.901581967213115,39,122
144,0.4146531148,14.887344262295082,39,122
143,0.4209724098,14.758418032786883,39,122
142,0.4193321393,14.748770491803276,39,122
141,0.4224836967,14.667049180327867,39,122
140,0.4172708689,14.600540983606553,39,122
139,0.4262581393,14.427401639344257,39,122
138,0.4338819918,14.33601639344262,39,122
137,0.4304084672,14.253360655737701,39,122
136,0.4376408197,14.193549180327867,39,122
135,0.4440065246,14.083704918032785,39,122
134,0.4439541393,14.025762295081964,39,122
133,0.4407163361,13.997942622950818,39,122
132,0.4405491557,13.957754098360653,39,122
131,0.4480625738,13.882721311475407,39,122
130,0.4377564262,13.708770491803277,39,122
129,0.4418597459,13.636319672131144,39,122
128,0.4440309836,13.479327868852454,39,122
127,0.4480072623,13.452770491803275,39,122
126,0.4463339016,13.405114754098358,39,122
125,0.4509662541,13.364885245901636,39,122
124,0.4526648525,13.312811475409834,39,122
123,0.4521917459,13.189040983606557,39,122
122,0.4581653852,13.121549180327866,39,122
121,0.4543190410,13.07085245901639,39,122
120,0.4476330328,13.037319672131146,39,122
119,0.4517900984,12.989499999999996,39,122
118,0.4552452541,12.804499999999999,39,122
117,0.4558065328,12.656934426229506,39,122
116,0.4592079426,12.630950819672133,39,122
115,0.4543031639,12.483434426229513,39,122
114,0.4573383607,12.450114754098367,39,122
113,0.4559215656,12.31653278688525,39,122
112,0.4573763934,12.316393442622957,39,122
111,0.4620688689,12.16593442622951,39,122
110,0.4635529918,11.923032786885251,35.456,122
109,0.4648300000,11.832524590163938,35.456,122
108,0.4687108689,11.75543442622951,35.456,122
107,0.4684183361,11.705336065573771,35.456,122
106,0.4680528852,11.62183606557377,35.456,122
105,0.4678141311,11.428508196721312,35.456,122
104,0.4725273443,11.268803278688521,35.456,122
103,0.4775620574,11.086885245901637,35.456,122
102,0.4762635246,11.04556557377049,35.456,122
101,0.4830610820,10.995499999999996,35.456,122
100,0.4812252377,10.856418032786882,35.456,122
99,0.4775850902,10.60366393442623,35.456,122
98,0.4825263361,10.495639344262296,35.456,122
97,0.4870828033,10.37731967213115,35.456,122
96,0.4923607377,10.343672131147546,35.456,122
95,0.4980250164,10.285778688524596,35.456,122
94,0.4891141230,10.27523770491804,35.456,122
93,0.4904702049,10.102229508196729,35.456,122
92,0.4957239426,10.050508196721319,35.454,122
91,0.4988000738,9.832565573770498,35.454,122
90,0.5019600820,9.672098360655742,35.454,122
89,0.5031069016,9.430581967213119,26.389,122
88,0.5069966393,9.253336065573773,26.389,122
87,0.5118649836,9.087278688524593,26.389,122
86,0.5154643525,8.969065573770497,26.389,122
85,0.5200618770,8.876311475409839,26.389,122
84,0.5234511885,8.757737704918034,26.389,122
83,0.5269458770,8.483016393442623,26.389,122
82,0.5324843279,8.390704918032789,26.389,122
81,0.5329861230,8.348221311475411,26.389,122
80,0.5341726639,8.307008196721315,26.389,122
79,0.5383919426,8.155311475409837,26.355,122
78,0.5406227951,8.090459016393444,26.355,122
77,0.5429680000,8.065032786885249,26.355,122
76,0.5456070246,7.853467213114756,26.355,122
75,0.5442848607,7.801672131147543,26.355,122
74,0.5448840492,7.704704918032789,26.355,122
73,0.5475968033,7.577245901639348,26.355,122
72,0.5503514590,7.485434426229512,26.355,122
71,0.5553295902,7.452122950819675,26.355,122
70,0.5578181967,7.34387704918033,26.355,122
69,0.5597741885,7.154500000000002,24.329,122
68,0.5637075492,7.030557377049182,23.268,122
67,0.5661340492,6.832942622950822,23.268,122
66,0.5684462705,6.792442622950822,23.235,122
65,0.5708630164,6.590795081967214,23.235,122
64,0.5739522377,6.464147540983607,23.235,122
63,0.5764665902,6.2308196721311475,23.235,122
62,0.5792453525,6.13217213114754,21.219,122
61,0.5808758689,5.940524590163934,21.219,122
60,0.5834606967,5.849188524590163,21.219,122
59,0.5846199016,5.773999999999998,21.219,122
58,0.5871111557,5.624081967213113,21.219,122
57,0.5894940820,5.507549180327867,21.219,122
56,0.5924577131,5.291745901639343,21.219,122
55,0.5959240820,5.266647540983605,21.219,122
54,0.5987661311,5.199606557377049,21.219,122
53,0.6008457869,5.0600163934426226,21.219,122
52,0.6042840246,4.908196721311476,21.219,122
51,0.6055711311,4.8332295081967205,21.219,122
50,0.6069495902,4.64177049180328,17.344,122
49,0.6102652869,4.4762213114754115,17.344,122
48,0.6123461148,4.392262295081969,17.344,122
47,0.6136407459,4.3824754098360685,17.344,122
46,0.6162970328,4.18098360655738,16.222,122
45,0.6187128525,4.082762295081969,16.222,122
44,0.6215624836,3.991926229508199,16.222,122
43,0.6236778607,3.835196721311477,16.222,122
42,0.6249548852,3.734540983606559,16.222,122
41,0.6266328770,3.594090163934427,16.222,122
40,0.6267609918,3.5124754098360658,16.222,122
39,0.6299457787,3.303131147540984,16.222,122
38,0.6317769918,3.2444918032786885,16.222,122
37,0.6321762049,3.054188524590165,8.147,122
36,0.6343895328,2.987409836065574,8.147,122
35,0.6377561803,2.912795081967213,8.147,122
34,0.6382849098,2.878844262295082,8.147,122
33,0.6399314590,2.862565573770492,8.147,122
32,0.6415726230,2.794393442622951,8.147,122
31,0.6429133361,2.761073770491803,8.147,122
30,0.6428930410,2.7184590163934423,8.147,122
29,0.6449658525,2.61061475409836,8.147,122
28,0.6469608361,2.560139344262295,8.147,122
27,0.6472428033,2.5518114754098358,8.147,122
26,0.6488040410,2.5264016393442623,8.147,122
25,0.6504089675,2.5048699186991867,7.224,123
24,0.6517176829,2.4471219512195117,7.224,123
23,0.6545351626,2.388650406504064,7.224,123
22,0.6566104390,2.3877235772357714,7.224,123
21,0.6588505447,2.2964227642276414,6.135,123
20,0.6607140650,2.279658536585365,6.135,123
19,0.6623292114,2.230073170731707,6.135,123
18,0.6642674390,2.1811951219512187,6.135,123
17,0.6666238374,2.156048780487804,6.135,123
16,0.6689945447,2.1221463414634143,6.135,123
15,0.6705317886,2.080235772357723,6.135,123
14,0.6733838130,2.0384471544715446,6.135,123
13,0.6752766748,2.0128373983739833,6.135,123
12,0.6774484309,1.912609756097561,6.135,123
11,0.6806852033,1.82979674796748,4.08,123
10,0.6841228537,1.765040650406504,4.08,123
9,0.6876277642,1.6834065040650408,4.08,123
8,0.6901963496,1.6338048780487804,4.08,123
7,0.6917153740,1.5849918699186993,4.08,123
6,0.6939766504,1.5433577235772358,4.08,123
5,0.6960882927,1.4600000000000002,4.08,123
4,0.6987743496,1.4017235772357721,4.08,123
3,0.7003241301,1.3357642276422763,4.08,123
2,0.7033260569,1.2686585365853655,4.08,123
1,0.7501843984,1.0802601626016266,2.1,123
