generation,avg(diversity),avg(p.max_fitness),max(p.max_fitness),COUNT(*)
2001,0.3976799167,29.193013888888895,57,144
2000,0.3989397083,29.193013888888895,57,144
1999,0.3942727083,29.193013888888895,57,144
1998,0.4009894444,29.193013888888895,57,144
1997,0.4022023819,29.193013888888895,57,144
1996,0.4015724028,29.193013888888895,57,144
1995,0.4024661042,29.193013888888895,57,144
1994,0.4024901528,29.193013888888895,57,144
1993,0.4044655069,29.193013888888895,57,144
1992,0.4102751528,29.193013888888895,57,144
1991,0.4156826597,29.180541666666677,57,144
1990,0.4078996111,29.180541666666677,57,144
1989,0.4154053819,29.180541666666677,57,144
1988,0.4222399444,29.18047222222223,57,144
1987,0.4230500833,29.180277777777786,57,144
1986,0.4186231389,29.180277777777786,57,144
1985,0.4239760000,29.180277777777786,57,144
1984,0.4201933958,29.180138888888898,57,144
1983,0.4192667917,29.180138888888898,57,144
1982,0.4184284583,29.180138888888898,57,144
1981,0.4170957431,29.180138888888898,57,144
1980,0.4124940972,29.178993055555566,57,144
1979,0.4038580069,29.178993055555566,57,144
1978,0.3978582153,29.178701388888896,57,144
1977,0.3989408264,29.178701388888896,57,144
1976,0.4035153056,29.178437500000012,57,144
1975,0.4065825417,29.178437500000012,57,144
1974,0.4050379722,29.178437500000012,57,144
1973,0.4072571736,29.178437500000012,57,144
1972,0.3972626597,29.178437500000012,57,144
1971,0.4051713264,29.178437500000012,57,144
1970,0.4047552500,29.178437500000012,57,144
1969,0.4113822014,29.178437500000012,57,144
1968,0.4146166736,29.144187500000005,57,144
1967,0.4133897431,29.144131944444453,57,144
1966,0.4074156806,29.144131944444453,57,144
1965,0.4027885347,29.144131944444453,57,144
1964,0.4010185139,29.14411805555556,57,144
1963,0.4060580694,29.14411805555556,57,144
1962,0.4004599444,29.14411805555556,57,144
1961,0.4050616111,29.14411805555556,57,144
1960,0.4059690347,29.14411805555556,57,144
1959,0.4112109583,29.143895833333342,57,144
1958,0.4127426875,29.1437638888889,57,144
1957,0.4112559792,29.1437638888889,57,144
1956,0.4141259514,29.1437638888889,57,144
1955,0.4116959167,29.1437638888889,57,144
1954,0.3980651806,29.1437638888889,57,144
1953,0.4032379583,29.1437638888889,57,144
1952,0.4059526875,29.1437638888889,57,144
1951,0.4088385764,29.143680555555566,57,144
1950,0.4046751042,29.143680555555566,57,144
1949,0.4082358194,29.143680555555566,57,144
1948,0.4078478681,29.143680555555566,57,144
1947,0.4065773542,29.143680555555566,57,144
1946,0.4145130764,29.142861111111117,57,144
1945,0.4152506389,29.142861111111117,57,144
1944,0.4163537569,29.142861111111117,57,144
1943,0.4213734236,29.142861111111117,57,144
1942,0.4231968194,29.142861111111117,57,144
1941,0.4214434931,29.142861111111117,57,144
1940,0.4183211597,29.142861111111117,57,144
1939,0.4110003056,29.142861111111117,57,144
1938,0.4067713333,29.142861111111117,57,144
1937,0.4059979722,29.142861111111117,57,144
1936,0.4052343958,29.142861111111117,57,144
1935,0.4039287222,29.142861111111117,57,144
1934,0.4046679514,29.13514583333334,57,144
1933,0.3984830486,29.13514583333334,57,144
1932,0.4018607986,29.13514583333334,57,144
1931,0.4014213403,29.13514583333334,57,144
1930,0.4011769931,29.13514583333334,57,144
1929,0.4013530903,29.13514583333334,57,144
1928,0.3994565069,29.13514583333334,57,144
1927,0.4046010139,29.13514583333334,57,144
1926,0.4144504722,29.13514583333334,57,144
1925,0.4194209653,29.13514583333334,57,144
1924,0.4144429375,29.127659722222226,57,144
1923,0.4155457847,29.127659722222226,57,144
1922,0.4144858264,29.127659722222226,57,144
1921,0.4113030000,29.12756944444445,57,144
1920,0.4080550486,29.12756944444445,57,144
1919,0.4065034167,29.127513888888895,57,144
1918,0.4044631806,29.127513888888895,57,144
1917,0.4121967500,29.127513888888895,57,144
1916,0.4130705417,29.127513888888895,57,144
1915,0.4186423264,29.127361111111117,57,144
1914,0.4180921458,29.127250000000004,57,144
1913,0.4137945625,29.127250000000004,57,144
1912,0.4163350208,29.126791666666673,57,144
1911,0.4133866319,29.126791666666673,57,144
1910,0.4106144375,29.12643055555556,57,144
1909,0.4119491597,29.12643055555556,57,144
1908,0.4057498819,29.12633333333334,57,144
1907,0.4057849792,29.12633333333334,57,144
1906,0.4051940486,29.12633333333334,57,144
1905,0.4075099028,29.12625000000001,57,144
1904,0.4005808125,29.12625000000001,57,144
1903,0.4040554583,29.12625000000001,57,144
1902,0.4103598819,29.10504861111112,57,144
1901,0.4139543958,29.098826388888895,57,144
1900,0.4110257431,29.098826388888895,57,144
1899,0.4083204167,29.098826388888895,57,144
1898,0.4077951528,29.098826388888895,57,144
1897,0.4075039236,29.098826388888895,57,144
1896,0.4111041319,29.098812500000008,57,144
1895,0.4060633542,29.098812500000008,57,144
1894,0.4040859722,29.098756944444453,57,144
1893,0.4016678958,29.07793750000001,57,144
1892,0.3996472083,29.07793750000001,57,144
1891,0.4065030486,29.07793750000001,57,144
1890,0.4101142708,29.07793750000001,57,144
1889,0.4111766944,29.07793750000001,57,144
1888,0.4119307917,29.07793750000001,57,144
1887,0.4137254097,29.07793750000001,57,144
1886,0.4143001528,29.07793750000001,57,144
1885,0.4148461667,29.07793750000001,57,144
1884,0.4137152569,29.07793750000001,57,144
1883,0.4145841528,29.07793750000001,57,144
1882,0.4061229722,29.07793750000001,57,144
1881,0.4033566181,29.07793750000001,57,144
1880,0.4049240903,29.07792361111112,57,144
1879,0.4086933542,29.07792361111112,57,144
1878,0.4126680625,29.07792361111112,57,144
1877,0.4140679444,29.07781250000001,57,144
1876,0.4060656458,29.07781250000001,57,144
1875,0.4074927500,29.07781250000001,57,144
1874,0.4087077569,29.077743055555565,57,144
1873,0.4122375903,29.077743055555565,57,144
1872,0.4117654514,29.077743055555565,57,144
1871,0.4162244931,29.077743055555565,57,144
1870,0.4178363472,29.077715277777788,57,144
1869,0.4131480764,29.077715277777788,57,144
1868,0.4167271736,29.077715277777788,57,144
1867,0.4186917986,29.056347222222232,57,144
1866,0.4143061111,29.056347222222232,57,144
1865,0.4115836944,29.056347222222232,57,144
1864,0.4085101250,29.056347222222232,57,144
1863,0.4098895625,29.056347222222232,57,144
1862,0.4084421181,29.04868055555557,57,144
1861,0.4080657847,29.04868055555557,57,144
1860,0.4016834722,29.00679166666668,57,144
1859,0.4050900694,29.00679166666668,57,144
1858,0.4067007569,29.00679166666668,57,144
1857,0.4071527917,29.00679166666668,57,144
1856,0.4035641181,29.00679166666668,57,144
1855,0.4086774444,29.00679166666668,57,144
1854,0.4065615139,29.00679166666668,57,144
1853,0.4101194028,29.00679166666668,57,144
1852,0.4123748542,29.00679166666668,57,144
1851,0.4096212986,28.999875000000014,57,144
1850,0.4068344722,28.999875000000014,57,144
1849,0.4047064931,28.99981944444445,57,144
1848,0.4026483542,28.99981944444445,57,144
1847,0.4094006806,28.99981944444445,57,144
1846,0.4094738542,28.99981944444445,57,144
1845,0.4100281806,28.999680555555567,57,144
1844,0.4122993889,28.999680555555567,57,144
1843,0.4140886042,28.999680555555567,57,144
1842,0.4121341319,28.999680555555567,57,144
1841,0.4109195278,28.999680555555567,57,144
1840,0.3977185764,28.999597222222228,57,144
1839,0.4030823542,28.999597222222228,57,144
1838,0.4101413472,28.992541666666675,57,144
1837,0.4093917361,28.992541666666675,57,144
1836,0.4126174583,28.992541666666675,57,144
1835,0.4159196597,28.992541666666675,57,144
1834,0.4072050278,28.992541666666675,57,144
1833,0.4029632222,28.992541666666675,57,144
1832,0.4001568750,28.992541666666675,57,144
1831,0.3981086458,28.992541666666675,57,144
1830,0.4038213681,28.992541666666675,57,144
1829,0.4109572292,28.992541666666675,57,144
1828,0.4114768056,28.985611111111115,57,144
1827,0.4196654653,28.985493055555562,57,144
1826,0.4176004931,28.985493055555562,57,144
1825,0.4154933056,28.985493055555562,57,144
1824,0.4185931806,28.985493055555562,57,144
1823,0.4208263056,28.985493055555562,57,144
1822,0.4211709028,28.985493055555562,57,144
1821,0.4240695903,28.985493055555562,57,144
1820,0.4173545139,28.985493055555562,57,144
1819,0.4141918681,28.985493055555562,57,144
1818,0.4157584097,28.985493055555562,57,144
1817,0.4151302847,28.985493055555562,57,144
1816,0.4183677431,28.985493055555562,57,144
1815,0.4164113472,28.985125000000014,57,144
1814,0.4165305347,28.985125000000014,57,144
1813,0.4148575764,28.950590277777785,57,144
1812,0.4065193889,28.950590277777785,57,144
1811,0.4057265764,28.950590277777785,57,144
1810,0.4039303750,28.950590277777785,57,144
1809,0.4053284375,28.950590277777785,57,144
1808,0.4007355417,28.950590277777785,57,144
1807,0.4048264167,28.950590277777785,57,144
1806,0.4090549792,28.950590277777785,57,144
1805,0.4120277361,28.950590277777785,57,144
1804,0.4139890694,28.950548611111117,57,144
1803,0.4140905694,28.950548611111117,57,144
1802,0.4126718403,28.950381944444448,57,144
1801,0.4096417083,28.91507638888889,57,144
1800,0.4062185556,28.91507638888889,57,144
1799,0.4043825486,28.91507638888889,57,144
1798,0.4091264653,28.91507638888889,57,144
1797,0.4048001181,28.91507638888889,57,144
1796,0.4048745486,28.91015972222222,57,144
1795,0.4065452431,28.91015972222222,57,144
1794,0.4037355417,28.91015972222222,57,144
1793,0.4056281458,28.91015972222222,57,144
1792,0.4036101875,28.91015972222222,57,144
1791,0.4060187361,28.91015972222222,57,144
1790,0.4111795694,28.91015972222222,57,144
1789,0.4085964653,28.91015972222222,57,144
1788,0.4102770000,28.91015972222222,57,144
1787,0.3972570000,28.91015972222222,57,144
1786,0.4049470486,28.91015972222222,57,144
1785,0.4060731597,28.91015972222222,57,144
1784,0.4014169583,28.91015972222222,57,144
1783,0.3975673750,28.910076388888893,57,144
1782,0.3918773681,28.910076388888893,57,144
1781,0.4031331944,28.910076388888893,57,144
1780,0.4120359861,28.910076388888893,57,144
1779,0.4176490486,28.910076388888893,57,144
1778,0.4198352917,28.910076388888893,57,144
1777,0.4166016181,28.910062500000006,57,144
1776,0.4170461806,28.910062500000006,57,144
1775,0.4138339236,28.910062500000006,57,144
1774,0.4156302778,28.910062500000006,57,144
1773,0.4181150972,28.910062500000006,57,144
1772,0.4121683472,28.910062500000006,57,144
1771,0.4066661458,28.89606944444445,57,144
1770,0.4095561250,28.89606944444445,57,144
1769,0.4123648542,28.896041666666672,57,144
1768,0.4181501042,28.896041666666672,57,144
1767,0.4126522431,28.896041666666672,57,144
1766,0.4103613194,28.896041666666672,57,144
1765,0.4051691806,28.896041666666672,57,144
1764,0.3941320208,28.896041666666672,57,144
1763,0.3881513264,28.889437500000003,57,144
1762,0.3965184722,28.889437500000003,57,144
1761,0.3970552986,28.889437500000003,57,144
1760,0.3989788472,28.889437500000003,57,144
1759,0.4036509028,28.847965277777778,57,144
1758,0.4078422222,28.847965277777778,57,144
1757,0.4151951806,28.847965277777778,57,144
1756,0.4160420625,28.84779166666667,57,144
1755,0.4212799444,28.84779166666667,57,144
1754,0.4145314306,28.84779166666667,57,144
1753,0.4090138333,28.84779166666667,57,144
1752,0.4142345625,28.840638888888893,57,144
1751,0.4157034444,28.840638888888893,57,144
1750,0.4234273958,28.840638888888893,57,144
1749,0.4263919722,28.840493055555555,57,144
1748,0.4193932569,28.772604166666667,57,144
1747,0.4127090833,28.772604166666667,57,144
1746,0.4128620278,28.772604166666667,57,144
1745,0.4082249722,28.752125000000003,57,144
1744,0.4102052500,28.72391666666667,57,144
1743,0.4048319444,28.664979166666665,57,144
1742,0.4056576875,28.664979166666665,57,144
1741,0.4089101181,28.664979166666665,57,144
1740,0.4054228681,28.66492361111111,57,144
1739,0.4124982708,28.66492361111111,57,144
1738,0.4054735833,28.65104861111111,57,144
1737,0.4055394097,28.65104861111111,57,144
1736,0.4113450625,28.58043055555556,57,144
1735,0.4105525764,28.58043055555556,57,144
1734,0.4105423819,28.580145833333333,57,144
1733,0.4165248333,28.580138888888897,57,144
1732,0.4114230347,28.544958333333334,57,144
1731,0.4033159861,28.544958333333334,57,144
1730,0.4003732431,28.544958333333334,57,144
1729,0.4006059931,28.5308125,57,144
1728,0.4057005486,28.5308125,57,144
1727,0.4120733958,28.5308125,57,144
1726,0.4056458056,28.5308125,57,144
1725,0.4077741458,28.53013888888889,57,144
1724,0.4027565278,28.53013888888889,57,144
1723,0.4082260139,28.53013888888889,57,144
1722,0.4074721319,28.53013888888889,57,144
1721,0.3974447083,28.53013888888889,57,144
1720,0.4053571736,28.53013888888889,57,144
1719,0.4004844931,28.53013888888889,57,144
1718,0.4018015972,28.53013888888889,57,144
1717,0.4014937986,28.53013888888889,57,144
1716,0.4008937569,28.53013888888889,57,144
1715,0.4053065069,28.53013888888889,57,144
1714,0.4053135833,28.53013888888889,57,144
1713,0.4072716389,28.53013888888889,57,144
1712,0.4034959722,28.53013888888889,57,144
1711,0.4105048333,28.53013888888889,57,144
1710,0.4052279236,28.53013888888889,57,144
1709,0.4098919097,28.53013888888889,57,144
1708,0.4069702361,28.53013888888889,57,144
1707,0.4131051875,28.53013888888889,57,144
1706,0.4151147431,28.52444444444444,57,144
1705,0.4117419097,28.51793055555556,57,144
1704,0.4134795764,28.51793055555556,57,144
1703,0.4092785347,28.51793055555556,57,144
1702,0.4111112222,28.51793055555556,57,144
1701,0.4078652292,28.51793055555556,57,144
1700,0.4094192361,28.45254166666667,57,144
1699,0.4127810208,28.45254166666667,57,144
1698,0.4097774097,28.45254166666667,57,144
1697,0.4146827292,28.45254166666667,57,144
1696,0.4171715000,28.45254166666667,57,144
1695,0.4141993681,28.45254166666667,57,144
1694,0.4168508819,28.45254166666667,57,144
1693,0.4060756181,28.45254166666667,57,144
1692,0.4071810000,28.45254166666667,57,144
1691,0.4040903194,28.45254166666667,57,144
1690,0.4089770486,28.45254166666667,57,144
1689,0.4022646528,28.45254166666667,57,144
1688,0.4047287014,28.45254166666667,57,144
1687,0.4050619861,28.45254166666667,57,144
1686,0.4063990486,28.45254166666667,57,144
1685,0.4012860903,28.45254166666667,57,144
1684,0.3984228472,28.45254166666667,57,144
1683,0.3977292708,28.45254166666667,57,144
1682,0.4057047083,28.45254166666667,57,144
1681,0.4069403333,28.45254166666667,57,144
1680,0.4069852153,28.45254166666667,57,144
1679,0.4091506250,28.452402777777777,57,144
1678,0.4078845069,28.452402777777777,57,144
1677,0.4013081181,28.396805555555556,57,144
1676,0.4058827083,28.396805555555556,57,144
1675,0.4119023542,28.396805555555556,57,144
1674,0.4096264514,28.396805555555556,57,144
1673,0.4120032014,28.396805555555556,57,144
1672,0.4202604931,28.39638888888889,57,144
1671,0.4197352292,28.39638888888889,57,144
1670,0.4205367778,28.39638888888889,57,144
1669,0.4156053472,28.39638888888889,57,144
1668,0.4069847222,28.39638888888889,57,144
1667,0.4057469514,28.39638888888889,57,144
1666,0.4031690764,28.396375,57,144
1665,0.3997406458,28.396375,57,144
1664,0.3980166250,28.396124999999998,57,144
1663,0.3995932500,28.396124999999998,57,144
1662,0.4043845972,28.396041666666665,57,144
1661,0.4059683194,28.396041666666665,57,144
1660,0.4045773681,28.396041666666665,57,144
1659,0.4038990139,28.396041666666665,57,144
1658,0.4077682014,28.396041666666665,57,144
1657,0.4118031667,28.396041666666665,57,144
1656,0.4103691111,28.396041666666665,57,144
1655,0.4134804236,28.396041666666665,57,144
1654,0.4158617222,28.396041666666665,57,144
1653,0.4208452083,28.396041666666665,57,144
1652,0.4217415556,28.396041666666665,57,144
1651,0.4173809514,28.396041666666665,57,144
1650,0.4135627361,28.396,57,144
1649,0.4035650069,28.396,57,144
1648,0.4057353750,28.396,57,144
1647,0.4071745208,28.396,57,144
1646,0.4032324444,28.396,57,144
1645,0.3973090347,28.395833333333332,57,144
1644,0.4009841250,28.395833333333332,57,144
1643,0.4040662847,28.395833333333332,57,144
1642,0.4097217014,28.395833333333332,57,144
1641,0.4067039028,28.395833333333332,57,144
1640,0.4062680556,28.395833333333332,57,144
1639,0.4033590278,28.395833333333332,57,144
1638,0.4071957917,28.395833333333332,57,144
1637,0.4132995764,28.35404861111111,57,144
1636,0.4124257500,28.35404861111111,57,144
1635,0.4131994792,28.339902777777777,57,144
1634,0.4198983472,28.31079861111111,57,144
1633,0.4169036389,28.31079861111111,57,144
1632,0.4140890414,28.23585517241379,57,145
1631,0.4042580345,28.23585517241379,57,145
1630,0.4077775310,28.187013793103446,57,145
1629,0.4054990897,28.187013793103446,57,145
1628,0.4113580345,28.187013793103446,57,145
1627,0.4131000897,28.18690344827586,57,145
1626,0.4111234828,28.18688965517241,57,145
1625,0.4019877655,28.18065517241379,57,145
1624,0.3964982207,28.153468965517238,57,145
1623,0.3989195034,28.13988965517241,57,145
1622,0.3941429448,28.13988965517241,57,145
1621,0.3978089724,28.13988965517241,57,145
1620,0.4029834690,28.13988965517241,57,145
1619,0.4064442000,28.13988965517241,57,145
1618,0.4047243241,28.13988965517241,57,145
1617,0.4024834138,28.13988965517241,57,145
1616,0.4044669448,28.13988965517241,57,145
1615,0.3994205724,28.13988965517241,57,145
1614,0.4047017603,28.045890410958904,57,146
1613,0.4042920616,28.04576712328767,57,146
1612,0.4047075479,28.04576712328767,57,146
1611,0.4022662740,27.956719178082192,57,146
1610,0.4052728151,27.956719178082192,57,146
1609,0.4045339041,27.956719178082192,57,146
1608,0.4057580685,27.956719178082192,57,146
1607,0.4019942260,27.956719178082192,57,146
1606,0.4067260822,27.956719178082192,57,146
1605,0.4101104589,27.95669178082192,57,146
1604,0.4122478356,27.95666438356164,57,146
1603,0.4166213356,27.9566301369863,57,146
1602,0.4163962260,27.9566301369863,57,146
1601,0.4177818082,27.9566301369863,57,146
1600,0.4156713425,27.95631506849315,57,146
1599,0.4173998630,27.94936301369863,57,146
1598,0.4154117740,27.94936301369863,57,146
1597,0.4160490890,27.94936301369863,57,146
1596,0.4190503562,27.9150205479452,57,146
1595,0.4192340205,27.872856164383556,57,146
1594,0.4087984932,27.859315068493146,57,146
1593,0.4024277192,27.859315068493146,57,146
1592,0.4034217945,27.859164383561637,57,146
1591,0.4065942945,27.859150684931503,57,146
1590,0.4033430411,27.859150684931503,57,146
1589,0.4049441027,27.859150684931503,57,146
1588,0.4066591918,27.859150684931503,57,146
1587,0.4060338836,27.859150684931503,57,146
1586,0.4069244247,27.858835616438352,57,146
1585,0.4078673425,27.858808219178076,57,146
1584,0.4113084521,27.8587808219178,57,146
1583,0.3999264178,27.8587808219178,57,146
1582,0.4060207055,27.8587808219178,57,146
1581,0.4010550890,27.8587808219178,57,146
1580,0.4041234315,27.8587808219178,57,146
1579,0.4031947534,27.80346575342465,57,146
1578,0.4034342671,27.80346575342465,57,146
1577,0.4069298562,27.80346575342465,57,146
1576,0.4102088356,27.80346575342465,57,146
1575,0.4019499589,27.775527397260266,57,146
1574,0.4081720548,27.775527397260266,57,146
1573,0.4098706301,27.775527397260266,57,146
1572,0.4080082260,27.775527397260266,57,146
1571,0.4089303630,27.747801369863005,57,146
1570,0.4034933904,27.747801369863005,57,146
1569,0.4091368562,27.733561643835607,57,146
1568,0.4105774589,27.733561643835607,57,146
1567,0.4128250137,27.733479452054787,57,146
1566,0.4105435137,27.733479452054787,57,146
1565,0.4090008425,27.727116438356155,57,146
1564,0.4142301575,27.727116438356155,57,146
1563,0.4099362534,27.727116438356155,57,146
1562,0.4176731918,27.727116438356155,57,146
1561,0.4205950342,27.727116438356155,57,146
1560,0.4166968699,27.727116438356155,57,146
1559,0.4094997603,27.726993150684923,57,146
1558,0.4090375510,27.643687074829923,57,147
1557,0.4127954626,27.64368027210884,57,147
1556,0.4064394762,27.64368027210884,57,147
1555,0.4087421701,27.64368027210884,57,147
1554,0.4119940340,27.64368027210884,57,147
1553,0.4099939864,27.64368027210884,57,147
1552,0.4081287007,27.63663265306122,57,147
1551,0.4081950816,27.63663265306122,57,147
1550,0.4055462789,27.62318367346938,57,147
1549,0.3983132993,27.623102040816317,57,147
1548,0.4012859932,27.623102040816317,57,147
1547,0.4010067075,27.623054421768696,57,147
1546,0.4008109048,27.623054421768696,57,147
1545,0.4012845170,27.62299999999999,57,147
1544,0.4000924558,27.62282312925169,57,147
1543,0.4017603946,27.62282312925169,57,147
1542,0.4019063197,27.622809523809515,57,147
1541,0.4000883537,27.616108843537404,57,147
1540,0.3943731284,27.581425675675664,57,148
1539,0.4043188041,27.581425675675664,57,148
1538,0.4101466689,27.567641891891878,57,148
1537,0.4085260743,27.567614864864854,57,148
1536,0.4049839122,27.54694594594593,57,148
1535,0.4089025135,27.54694594594593,57,148
1534,0.4100664497,27.58270469798656,57,149
1533,0.4056109799,27.582684563758374,57,149
1532,0.4086606980,27.582684563758374,57,149
1531,0.4103921141,27.582684563758374,57,149
1530,0.4120416510,27.582684563758374,57,149
1529,0.4094441007,27.582684563758374,57,149
1528,0.4161953557,27.569093959731532,57,149
1527,0.4174730067,27.569093959731532,57,149
1526,0.4124270336,27.569093959731532,57,149
1525,0.4162825034,27.569093959731532,57,149
1524,0.4184582550,27.569093959731532,57,149
1523,0.4146782550,27.569093959731532,57,149
1522,0.4187906577,27.569093959731532,57,149
1521,0.4095579597,27.569093959731532,57,149
1520,0.4091260201,27.569067114093947,57,149
1519,0.4167467114,27.569067114093947,57,149
1518,0.4101816913,27.569067114093947,57,149
1517,0.4119625235,27.569067114093947,57,149
1516,0.4096428523,27.569067114093947,57,149
1515,0.4077625906,27.569067114093947,57,149
1514,0.4096606510,27.569067114093947,57,149
1513,0.4081542617,27.569067114093947,57,149
1512,0.4104265101,27.569067114093947,57,149
1511,0.4077505168,27.54840939597314,57,149
1510,0.4059966040,27.54840939597314,57,149
1509,0.4066999664,27.54840939597314,57,149
1508,0.4036216913,27.535053691275156,57,149
1507,0.4000444966,27.535053691275156,57,149
1506,0.4025074564,27.535053691275156,57,149
1505,0.4058436510,27.535053691275156,57,149
1504,0.4112754362,27.535053691275156,57,149
1503,0.4131944564,27.535053691275156,57,149
1502,0.4020979463,27.521194630872472,57,149
1501,0.4090383356,27.520765100671127,57,149
1500,0.4131925168,27.520765100671127,57,149
1499,0.4070795973,27.520765100671127,57,149
1498,0.4059721879,27.52069798657717,57,149
1497,0.4057755168,27.520013422818778,57,149
1496,0.4094574094,27.520013422818778,57,149
1495,0.4095435101,27.520013422818778,57,149
1494,0.4065527584,27.520013422818778,57,149
1493,0.4075880872,27.520013422818778,57,149
1492,0.4016332550,27.520013422818778,57,149
1491,0.4048302013,27.520013422818778,57,149
1490,0.4028194832,27.519999999999992,57,149
1489,0.4029506510,27.519999999999992,57,149
1488,0.4120426376,27.519999999999992,57,149
1487,0.4072129262,27.519999999999992,57,149
1486,0.4099949195,27.519999999999992,57,149
1485,0.4188178188,27.519999999999992,57,149
1484,0.4223686644,27.519999999999992,57,149
1483,0.4222154698,27.50409395973153,57,149
1482,0.4215558456,27.50409395973153,57,149
1481,0.4300237181,27.503946308724817,57,149
1480,0.4192305839,27.503946308724817,57,149
1479,0.4209608658,27.503946308724817,57,149
1478,0.4158524899,27.503946308724817,57,149
1477,0.4127364966,27.503946308724817,57,149
1476,0.4024875101,27.503946308724817,57,149
1475,0.4044243893,27.50353020134227,57,149
1474,0.4090682953,27.50353020134227,57,149
1473,0.4056267181,27.50353020134227,57,149
1472,0.4030083624,27.50353020134227,57,149
1471,0.3952064094,27.503449664429514,57,149
1470,0.3957184899,27.48983892617448,57,149
1469,0.4016641409,27.48983892617448,57,149
1468,0.3939603423,27.48983892617448,57,149
1467,0.3998552148,27.48983892617448,57,149
1466,0.3970727315,27.476161073825487,57,149
1465,0.4048259195,27.47604026845636,57,149
1464,0.4068353087,27.47604026845636,57,149
1463,0.4094719664,27.47604026845636,57,149
1462,0.4122986443,27.47604026845636,57,149
1461,0.4116914698,27.47604026845636,57,149
1460,0.4162547315,27.459939597315422,57,149
1459,0.4200378658,27.459939597315422,57,149
1458,0.4151039128,27.459630872483203,57,149
1457,0.4079230604,27.459630872483203,57,149
1456,0.4132700403,27.45937583892616,57,149
1455,0.4119425302,27.45937583892616,57,149
1454,0.3968642282,27.45937583892616,57,149
1453,0.3947887114,27.452523489932872,57,149
1452,0.3982495906,27.452523489932872,57,149
1451,0.4036464295,27.452523489932872,57,149
1450,0.4071001409,27.452523489932872,57,149
1449,0.4062804698,27.452523489932872,57,149
1448,0.4041443423,27.452523489932872,57,149
1447,0.4023339799,27.438852348993276,57,149
1446,0.3998259933,27.438852348993276,57,149
1445,0.4057409329,27.438852348993276,57,149
1444,0.4079612282,27.438852348993276,57,149
1443,0.4099571007,27.438852348993276,57,149
1442,0.4126564832,27.438852348993276,57,149
1441,0.4126377651,27.438852348993276,57,149
1440,0.4102947785,27.41239597315435,57,149
1439,0.4133222752,27.41239597315435,57,149
1438,0.4099673020,27.41239597315435,57,149
1437,0.4027465034,27.412006711409383,57,149
1436,0.4034982550,27.41185906040267,57,149
1435,0.4031761342,27.41185906040267,57,149
1434,0.4005138188,27.41185906040267,57,149
1433,0.4053229060,27.41185906040267,57,149
1432,0.4096949933,27.41185906040267,57,149
1431,0.4135214899,27.41185906040267,57,149
1430,0.4112784228,27.41185906040267,57,149
1429,0.4099048533,27.316793333333322,57,150
1428,0.4063381600,27.316793333333322,57,150
1427,0.4075391400,27.316793333333322,57,150
1426,0.4097361667,27.316793333333322,57,150
1425,0.4089368067,27.290679999999988,57,150
1424,0.4056350333,27.290666666666652,57,150
1423,0.4012294867,27.290666666666652,57,150
1422,0.4003073533,27.29053333333332,57,150
1421,0.4088406400,27.29053333333332,57,150
1420,0.4054680067,27.29053333333332,57,150
1419,0.4098742400,27.29053333333332,57,150
1418,0.4065565133,27.290319999999987,57,150
1417,0.4045919133,27.290319999999987,57,150
1416,0.4090966267,27.290319999999987,57,150
1415,0.4090530200,27.290319999999987,57,150
1414,0.4055650133,27.290319999999987,57,150
1413,0.3986915067,27.290319999999987,57,150
1412,0.4055776333,27.290319999999987,57,150
1411,0.4084987400,27.290319999999987,57,150
1410,0.4101782200,27.290319999999987,57,150
1409,0.4090583267,27.290319999999987,57,150
1408,0.4047552533,27.290319999999987,57,150
1407,0.4124667200,27.290319999999987,57,150
1406,0.4150150533,27.290079999999985,57,150
1405,0.4141094800,27.235493333333316,57,150
1404,0.4154975267,27.235493333333316,57,150
1403,0.4140660667,27.235493333333316,57,150
1402,0.4136028867,27.235493333333316,57,150
1401,0.4044994267,27.23539999999998,57,150
1400,0.4105102600,27.23539999999998,57,150
1399,0.4102519867,27.23539999999998,57,150
1398,0.4035313533,27.23539999999998,57,150
1397,0.4035312067,27.23539999999998,57,150
1396,0.4075440733,27.20845999999998,57,150
1395,0.4110489333,27.20845999999998,57,150
1394,0.4113266467,27.20845999999998,57,150
1393,0.4101223667,27.20845999999998,57,150
1392,0.4144016467,27.20845999999998,57,150
1391,0.4138488467,27.20845999999998,57,150
1390,0.4134708133,27.208313333333315,57,150
1389,0.4164257067,27.19473999999998,57,150
1388,0.4204665400,27.19473999999998,57,150
1387,0.4228400533,27.194606666666647,57,150
1386,0.4185519200,27.194606666666647,57,150
1385,0.4141361067,27.194606666666647,57,150
1384,0.4087281400,27.18069999999998,57,150
1383,0.4015326333,27.18069999999998,57,150
1382,0.3997373667,27.174639999999986,57,150
1381,0.3984445200,27.174639999999986,57,150
1380,0.3941037467,27.174639999999986,57,150
1379,0.3974213600,27.174633333333315,57,150
1378,0.3950100733,27.174633333333315,57,150
1377,0.3958175333,27.17415333333332,57,150
1376,0.3965788533,27.174059999999983,57,150
1375,0.3991722267,27.174059999999983,57,150
1374,0.4035041733,27.16055333333332,57,150
1373,0.4011095000,27.16055333333332,57,150
1372,0.3987518133,27.16055333333332,57,150
1371,0.4037751200,27.16055333333332,57,150
1370,0.4057320467,27.14643999999998,57,150
1369,0.4099361933,27.14643999999998,57,150
1368,0.4053062333,27.146279999999983,57,150
1367,0.4091627733,27.146279999999983,57,150
1366,0.4106066867,27.146279999999983,57,150
1365,0.4148511533,27.146279999999983,57,150
1364,0.4091885800,27.146279999999983,57,150
1363,0.4157168800,27.146279999999983,57,150
1362,0.4207495933,27.146279999999983,57,150
1361,0.4181128267,27.146279999999983,57,150
1360,0.4190896333,27.146213333333318,57,150
1359,0.4117043400,27.146213333333318,57,150
1358,0.4103755533,27.14614666666665,57,150
1357,0.4069923667,27.132466666666648,57,150
1356,0.4095726200,27.132466666666648,57,150
1355,0.4088606133,27.132373333333312,57,150
1354,0.4100064933,27.13219999999998,57,150
1353,0.4046149933,27.13219999999998,57,150
1352,0.4062452333,27.132173333333316,57,150
1351,0.4033185133,27.132173333333316,57,150
1350,0.4094025200,27.132173333333316,57,150
1349,0.4103780467,27.132173333333316,57,150
1348,0.4096457867,27.131399999999978,57,150
1347,0.4089783267,27.131399999999978,57,150
1346,0.4104483467,27.131399999999978,57,150
1345,0.4117514067,27.131399999999978,57,150
1344,0.4088595267,27.131399999999978,57,150
1343,0.4028856333,27.131399999999978,57,150
1342,0.4013894267,27.131399999999978,57,150
1341,0.4080094333,27.13135999999998,57,150
1340,0.4090645733,27.13135999999998,57,150
1339,0.4075945267,27.13135999999998,57,150
1338,0.4095191333,27.12539999999998,57,150
1337,0.4115041067,27.12539999999998,57,150
1336,0.4143080933,27.12539999999998,57,150
1335,0.4091129933,27.12539999999998,57,150
1334,0.4115267400,27.12539999999998,57,150
1333,0.4046471400,27.12539999999998,57,150
1332,0.4021345600,27.10732666666665,57,150
1331,0.3981335733,27.107126666666648,57,150
1330,0.3982065400,27.107126666666648,57,150
1329,0.4020702667,27.107126666666648,57,150
1328,0.3967686333,27.107126666666648,57,150
1327,0.3936350333,27.107126666666648,57,150
1326,0.4009768800,27.10708666666665,57,150
1325,0.4063674133,27.101359999999982,57,150
1324,0.4163244000,27.101359999999982,57,150
1323,0.4164609333,27.101359999999982,57,150
1322,0.4154873600,27.101359999999982,57,150
1321,0.4141867867,27.101359999999982,57,150
1320,0.4102159867,27.101359999999982,57,150
1319,0.4117593533,27.101213333333316,57,150
1318,0.4109525333,27.101213333333316,57,150
1317,0.4111697533,27.094233333333317,57,150
1316,0.4103424533,27.094233333333317,57,150
1315,0.4126550333,27.094233333333317,57,150
1314,0.4070455200,27.09420666666665,57,150
1313,0.4080504400,27.09420666666665,57,150
1312,0.4070196267,27.09420666666665,57,150
1311,0.4058522800,27.09420666666665,57,150
1310,0.4063769467,27.09420666666665,57,150
1309,0.4095764133,27.093926666666647,57,150
1308,0.4112574067,27.093926666666647,57,150
1307,0.4151144000,27.093926666666647,57,150
1306,0.4156722400,27.081459999999982,57,150
1305,0.4138926556,27.111841059602632,57,151
1304,0.4078085099,27.111841059602632,57,151
1303,0.4130292517,27.111841059602632,57,151
1302,0.4176874437,27.111463576158922,57,151
1301,0.4153828874,27.104801324503295,57,151
1300,0.4126210132,27.104801324503295,57,151
1299,0.4140339801,27.104801324503295,57,151
1298,0.4051036093,27.104781456953624,57,151
1297,0.4104616026,27.104781456953624,57,151
1296,0.4099568278,27.104781456953624,57,151
1295,0.4059195364,27.06349006622515,57,151
1294,0.4055073026,27.04615131578946,57,152
1293,0.4139607303,27.04615131578946,57,152
1292,0.4075423158,27.04615131578946,57,152
1291,0.4085321118,27.046138157894724,57,152
1290,0.4091058421,27.03352631578946,57,152
1289,0.3986281447,27.033499999999986,57,152
1288,0.3983160987,27.033499999999986,57,152
1287,0.3976494605,26.986809210526303,57,152
1286,0.3990112763,26.986809210526303,57,152
1285,0.4050221974,26.973657894736824,57,152
1284,0.4022060987,26.973657894736824,57,152
1283,0.4053629342,26.97279605263156,57,152
1282,0.4053054934,26.97279605263156,57,152
1281,0.4068055855,26.972690789473667,57,152
1280,0.4100109408,26.972539473684193,57,152
1279,0.4137804145,26.972539473684193,57,152
1278,0.4151259868,26.972539473684193,57,152
1277,0.4208163553,26.972539473684193,57,152
1276,0.4206944342,26.95350657894735,57,152
1275,0.4236997566,26.95350657894735,57,152
1274,0.4206514605,26.95350657894735,57,152
1273,0.4187256250,26.9534342105263,57,152
1272,0.4196684605,26.9534342105263,57,152
1271,0.4238096776,26.9534342105263,57,152
1270,0.4137565395,26.9534342105263,57,152
1269,0.4158773421,26.9534342105263,57,152
1268,0.4142302353,26.979300653594755,57,153
1267,0.4098248693,26.952431372549007,57,153
1266,0.4082117908,26.952431372549007,57,153
1265,0.4088403961,26.86281818181817,57,154
1264,0.4119134740,26.86281818181817,57,154
1263,0.4101176558,26.86281818181817,57,154
1262,0.4154378247,26.86272727272726,57,154
1261,0.4120978896,26.86272727272726,57,154
1260,0.4077673247,26.86272727272726,57,154
1259,0.4165176429,26.856363636363618,57,154
1258,0.4070350519,26.856025974025957,57,154
1257,0.4121959091,26.856025974025957,57,154
1256,0.4099061299,26.856025974025957,57,154
1255,0.4041583117,26.855389610389597,57,154
1254,0.4058646299,26.855389610389597,57,154
1253,0.4021444091,26.848987012987,57,154
1252,0.4043042273,26.848935064935052,57,154
1251,0.4072295649,26.848935064935052,57,154
1250,0.4087971818,26.848935064935052,57,154
1249,0.4101688701,26.848935064935052,57,154
1248,0.4027251558,26.829084415584404,57,154
1247,0.3945298571,26.829084415584404,57,154
1246,0.4011077013,26.755324675324662,57,154
1245,0.3967335390,26.742357142857127,57,154
1244,0.3957705779,26.65451298701297,57,154
1243,0.4008093701,26.65451298701297,57,154
1242,0.4063898052,26.65451298701297,57,154
1241,0.4072525806,26.75118709677418,57,155
1240,0.4110496000,26.75118709677418,57,155
1239,0.4090414903,26.75112258064515,57,155
1238,0.4141734774,26.75112258064515,57,155
1237,0.4110740258,26.75112258064515,57,155
1236,0.4076698258,26.75103225806451,57,155
1235,0.4080693742,26.75103225806451,57,155
1234,0.4094038065,26.75069677419354,57,155
1233,0.4086396839,26.75069677419354,57,155
1232,0.4078684710,26.75069677419354,57,155
1231,0.4120162194,26.750541935483863,57,155
1230,0.4010559032,26.750470967741926,57,155
1229,0.4061430258,26.750290322580636,57,155
1228,0.4023726710,26.750290322580636,57,155
1227,0.4076453548,26.750290322580636,57,155
1226,0.4092662581,26.750290322580636,57,155
1225,0.4136460705,26.73542948717948,57,156
1224,0.4092289487,26.73542948717948,57,156
1223,0.4086477564,26.73542948717948,57,156
1222,0.4125946538,26.729301282051274,57,156
1221,0.4167027949,26.729301282051274,57,156
1220,0.4092695192,26.729301282051274,57,156
1219,0.4139406026,26.67786538461538,57,156
1218,0.4162140192,26.67786538461538,57,156
1217,0.4099123526,26.67786538461538,57,156
1216,0.4029312436,26.67786538461538,57,156
1215,0.4054407756,26.67783974358974,57,156
1214,0.4022450128,26.66489743589743,57,156
1213,0.3998885000,26.66489743589743,57,156
1212,0.4026116026,26.66455769230769,57,156
1211,0.4018308077,26.66455769230769,57,156
1210,0.4008710962,26.66455769230769,57,156
1209,0.4066125128,26.66455769230769,57,156
1208,0.4125221218,26.664519230769226,57,156
1207,0.4109511282,26.664519230769226,57,156
1206,0.4198214777,26.574726114649675,57,157
1205,0.4182315669,26.574726114649675,57,157
1204,0.4220706624,26.574624203821646,57,157
1203,0.4218190191,26.574624203821646,57,157
1202,0.4078394395,26.574624203821646,57,157
1201,0.4163500955,26.574624203821646,57,157
1200,0.4154900510,26.574624203821646,57,157
1199,0.4110630573,26.568178343949036,57,157
1198,0.4095188790,26.568178343949036,57,157
1197,0.4150042930,26.568178343949036,57,157
1196,0.4156795605,26.555292993630566,57,157
1195,0.4114595287,26.548656050955405,57,157
1194,0.4148055350,26.548656050955405,57,157
1193,0.4104099936,26.548656050955405,57,157
1192,0.4043139554,26.548656050955405,57,157
1191,0.3996593503,26.54835668789808,57,157
1190,0.3999075478,26.54835668789808,57,157
1189,0.4009074395,26.53504458598725,57,157
1188,0.4025432675,26.53504458598725,57,157
1187,0.4035772166,26.53504458598725,57,157
1186,0.4057765223,26.50221656050954,57,157
1185,0.4130647834,26.50221656050954,57,157
1184,0.4121248217,26.496605095541394,57,157
1183,0.4151099108,26.496605095541394,57,157
1182,0.4123869809,26.496605095541394,57,157
1181,0.4095044459,26.496605095541394,57,157
1180,0.4118793057,26.496605095541394,57,157
1179,0.4163701911,26.496605095541394,57,157
1178,0.4177835732,26.48933757961783,57,157
1177,0.4170506561,26.48933757961783,57,157
1176,0.4102836115,26.482993630573244,57,157
1175,0.4140505605,26.463273885350308,57,157
1174,0.4037900573,26.463273885350308,57,157
1173,0.3993839618,26.46304458598726,57,157
1172,0.4029452357,26.443165605095537,57,157
1171,0.4001428917,26.442643312101904,57,157
1170,0.4026772357,26.442643312101904,57,157
1169,0.3974767134,26.429974522292984,57,157
1168,0.3990983567,26.429974522292984,57,157
1167,0.4018493631,26.429974522292984,57,157
1166,0.4007105987,26.423343949044575,57,157
1165,0.4076045478,26.423343949044575,57,157
1164,0.4089685759,26.410791139240498,57,158
1163,0.4070493608,26.391588607594926,57,158
1162,0.4052415316,26.391588607594926,57,158
1161,0.4074900949,26.391588607594926,57,158
1160,0.4116583544,26.38559493670885,57,158
1159,0.4112964367,26.38559493670885,57,158
1158,0.4090723481,26.379917721518975,57,158
1157,0.4157504051,26.379841772151888,57,158
1156,0.4129840127,26.379259493670872,57,158
1155,0.4096128038,26.372208860759482,57,158
1154,0.4147342405,26.372208860759482,57,158
1153,0.4126812848,26.352651898734166,57,158
1152,0.4166667342,26.352651898734166,57,158
1151,0.4215579367,26.352651898734166,57,158
1150,0.4197904114,26.33356329113923,57,158
1149,0.4137329241,26.33329746835442,57,158
1148,0.4075007911,26.30701898734176,57,158
1147,0.4174316203,26.307006329113914,57,158
1146,0.4098845696,26.281075949367075,57,158
1145,0.4094557658,26.27459493670885,57,158
1144,0.4118094780,26.219993710691814,57,159
1143,0.4078169937,26.194748427672945,57,159
1142,0.4121879497,26.194748427672945,57,159
1141,0.4046206981,26.19450943396225,57,159
1140,0.4020969748,26.194459119496845,57,159
1139,0.3989418553,26.194459119496845,57,159
1138,0.4000823899,26.194446540880495,57,159
1137,0.4059670688,26.14504999999999,57,160
1136,0.4043565375,26.14504999999999,57,160
1135,0.4063550188,26.13839999999999,57,160
1134,0.4022134500,26.133312499999988,57,160
1133,0.4034855750,26.126887499999988,57,160
1132,0.4024621875,26.126887499999988,57,160
1131,0.4021912250,26.126674999999988,57,160
1130,0.4014446313,26.126674999999988,57,160
1129,0.4066628188,26.126549999999988,57,160
1128,0.3970659313,26.126549999999988,57,160
1127,0.4012044000,26.126549999999988,57,160
1126,0.4038884438,26.107049999999987,57,160
1125,0.4089309438,26.08216249999999,57,160
1124,0.4072986563,26.08216249999999,57,160
1123,0.4113727688,26.08216249999999,57,160
1122,0.4126266625,26.081937499999988,57,160
1121,0.4086035875,26.08183749999999,57,160
1120,0.4121900500,26.075293749999986,57,160
1119,0.4186777563,26.075293749999986,57,160
1118,0.4122280938,26.075293749999986,57,160
1117,0.4168740313,26.07528124999999,57,160
1116,0.4152909813,26.07505624999999,57,160
1115,0.4162815714,26.13382608695651,57,161
1114,0.4122945342,26.13382608695651,57,161
1113,0.4072487143,26.13382608695651,57,161
1112,0.4084728323,26.13382608695651,57,161
1111,0.4074649255,26.12223602484471,57,161
1110,0.4106022547,26.12223602484471,57,161
1109,0.4075534845,26.12223602484471,57,161
1108,0.4121520000,26.12223602484471,57,161
1107,0.4152495342,26.12223602484471,57,161
1106,0.4143501056,26.12223602484471,57,161
1105,0.4117617578,26.12223602484471,57,161
1104,0.4136619074,26.12357407407406,57,162
1103,0.4125114877,26.12357407407406,57,162
1102,0.4095603148,26.12357407407406,57,162
1101,0.4060858827,26.12357407407406,57,162
1100,0.4067694259,26.117277777777765,57,162
1099,0.4008030494,26.117277777777765,57,162
1098,0.4038854259,26.088697530864184,57,162
1097,0.4046394444,26.088697530864184,57,162
1096,0.4006095370,26.088697530864184,57,162
1095,0.3982687901,26.088697530864184,57,162
1094,0.3934052160,26.08240123456789,57,162
1093,0.3996595864,26.082364197530858,57,162
1092,0.4009749383,26.080981481481473,57,162
1091,0.4064826296,26.080981481481473,57,162
1090,0.4083249444,26.080981481481473,57,162
1089,0.4117650370,26.06248765432098,57,162
1088,0.4137867593,26.06248765432098,57,162
1087,0.4148543457,26.06248765432098,57,162
1086,0.4176579753,26.06248765432098,57,162
1085,0.4144930679,26.06248765432098,57,162
1084,0.4128880926,26.056006172839496,57,162
1083,0.4149828519,26.055981481481474,57,162
1082,0.4045999939,26.14528220858895,57,163
1081,0.4033333742,26.14528220858895,57,163
1080,0.4057372331,26.14528220858895,57,163
1079,0.4131452761,26.14528220858895,57,163
1078,0.4108806012,26.126196319018398,57,163
1077,0.4150429264,26.126196319018398,57,163
1076,0.4159625337,26.126196319018398,57,163
1075,0.4132119387,26.120717791411035,57,163
1074,0.4109266871,26.120717791411035,57,163
1073,0.4098660368,26.120717791411035,57,163
1072,0.4142718466,26.114668711656435,57,163
1071,0.4101632331,26.10757668711656,57,163
1070,0.4041896319,26.10757668711656,57,163
1069,0.4062657914,26.10757668711656,57,163
1068,0.4064754356,26.101233128834345,57,163
1067,0.4088888712,26.101233128834345,57,163
1066,0.4115058344,26.101233128834345,57,163
1065,0.4073552393,26.101233128834345,57,163
1064,0.4122660307,26.10115337423312,57,163
1063,0.4087420061,26.10115337423312,57,163
1062,0.3971002577,26.076325153374228,57,163
1061,0.3978128650,26.026871165644167,57,163
1060,0.4012714724,26.026871165644167,57,163
1059,0.4009891166,26.00068711656441,57,163
1058,0.3998562822,26.00068711656441,57,163
1057,0.4074422515,26.000239263803675,57,163
1056,0.4135485276,26.000239263803675,57,163
1055,0.4096060798,26.000239263803675,57,163
1054,0.4132456258,25.998245398773,57,163
1053,0.4107308160,25.998245398773,57,163
1052,0.4185642393,25.998245398773,57,163
1051,0.4178470123,25.998245398773,57,163
1050,0.4055818405,25.998245398773,57,163
1049,0.4016897683,26.162689024390236,57,164
1048,0.4005550976,26.162689024390236,57,164
1047,0.4047807805,26.162579268292674,57,164
1046,0.4084885000,26.11223780487804,57,164
1045,0.4026065000,26.10806097560975,57,164
1044,0.4090728415,26.089676829268285,57,164
1043,0.4129786037,26.083396341463406,57,164
1042,0.4149630305,26.083396341463406,57,164
1041,0.4169568659,26.070780487804875,57,164
1040,0.4176259756,26.039371951219504,57,164
1039,0.4135907439,26.039371951219504,57,164
1038,0.4105821159,26.039371951219504,57,164
1037,0.4099454695,26.039371951219504,57,164
1036,0.4053459512,26.039371951219504,57,164
1035,0.4073641829,26.039195121951213,57,164
1034,0.4034645854,26.039195121951213,57,164
1033,0.4055465000,26.039195121951213,57,164
1032,0.4091863232,26.039195121951213,57,164
1031,0.4047347805,26.039195121951213,57,164
1030,0.4055674390,26.038963414634136,57,164
1029,0.4034882073,26.038963414634136,57,164
1028,0.4011909390,26.015067073170723,57,164
1027,0.4030807500,26.015042682926822,57,164
1026,0.4050755697,26.023315151515146,57,165
1025,0.4098025576,26.017230303030296,57,165
1024,0.4047297394,26.017230303030296,57,165
1023,0.4072115576,26.0056606060606,57,165
1022,0.4106773455,26.00564848484848,57,165
1021,0.4107074364,26.005612121212117,57,165
1020,0.4158253273,25.95058181818181,57,165
1019,0.4191258000,25.931709090909084,57,165
1018,0.4162815939,25.931709090909084,57,165
1017,0.4192675273,25.890242424242416,57,165
1016,0.4184605939,25.890242424242416,57,165
1015,0.4083394727,25.871557575757564,57,165
1014,0.4110175576,25.87142424242423,57,165
1013,0.4061191515,25.845436363636356,57,165
1012,0.4005980788,25.845436363636356,57,165
1011,0.3927185758,25.82082424242424,57,165
1010,0.3921434277,25.824331325301205,57,166
1009,0.3958406265,25.799319277108435,57,166
1008,0.4002283735,25.798873493975904,57,166
1007,0.3990091747,25.78080120481928,57,166
1006,0.4034100663,25.780753012048194,57,166
1005,0.4091211617,25.69748502994012,57,167
1004,0.4026846467,25.69748502994012,57,167
1003,0.4096964970,25.69748502994012,57,167
1002,0.4110149162,25.653389221556886,57,167
1001,0.4121483952,25.647580838323353,57,167
1000,0.4140844671,25.647580838323353,57,167
999,0.4163469940,25.64752095808383,57,167
998,0.4169352934,25.628287425149693,57,167
997,0.4162795269,25.628287425149693,57,167
996,0.4095939341,25.628287425149693,57,167
995,0.4013928743,25.628287425149693,57,167
994,0.4021840599,25.628287425149693,57,167
993,0.4072707560,25.68829166666666,57,168
992,0.4049574464,25.687964285714276,57,168
991,0.4057735298,25.681636904761902,57,168
990,0.4134336488,25.681303571428565,57,168
989,0.4134178929,25.681303571428565,57,168
988,0.4072951964,25.681303571428565,57,168
987,0.4105372202,25.681196428571422,57,168
986,0.4002106012,25.681196428571422,57,168
985,0.4028840060,25.645023809523806,57,168
984,0.3997728036,25.645023809523806,57,168
983,0.4005751310,25.626160714285714,57,168
982,0.3934020655,25.626077380952378,57,168
981,0.3968574345,25.626077380952378,57,168
980,0.4000747024,25.626077380952378,57,168
979,0.4068017917,25.54132738095238,57,168
978,0.4063322381,25.541291666666666,57,168
977,0.4120787024,25.541279761904764,57,168
976,0.4139057440,25.535482142857145,57,168
975,0.4092802440,25.53452380952381,57,168
974,0.4164767143,25.53452380952381,57,168
973,0.4185287619,25.533470238095237,57,168
972,0.4222783571,25.533470238095237,57,168
971,0.4131228512,25.52267261904762,57,168
970,0.4166742798,25.52267261904762,57,168
969,0.4177518393,25.52267261904762,57,168
968,0.4174829762,25.516601190476187,57,168
967,0.4193489226,25.51058928571429,57,168
966,0.4164635357,25.510386904761905,57,168
965,0.4153742619,25.510386904761905,57,168
964,0.4123044643,25.504125000000002,57,168
963,0.4067340952,25.504065476190476,57,168
962,0.4102870179,25.49917261904762,57,168
961,0.4113053452,25.49917261904762,57,168
960,0.4108082619,25.49914880952381,57,168
959,0.4159056131,25.49897023809524,57,168
958,0.4111257381,25.49897023809524,57,168
957,0.4065845060,25.498952380952385,57,168
956,0.4092148155,25.498952380952385,57,168
955,0.4064734940,25.498952380952385,57,168
954,0.4019288274,25.498952380952385,57,168
953,0.4051097321,25.498720238095242,57,168
952,0.4063820417,25.492863095238093,57,168
951,0.4140411488,25.49273214285714,57,168
950,0.4106668393,25.49273214285714,57,168
949,0.4056011310,25.492440476190474,57,168
948,0.3975272798,25.492440476190474,57,168
947,0.4040004345,25.473761904761904,57,168
946,0.4010980774,25.473416666666665,57,168
945,0.4061015238,25.45510714285714,57,168
944,0.4068715417,25.437636904761906,57,168
943,0.4100673869,25.437636904761906,57,168
942,0.4144427917,25.41142857142857,57,168
941,0.4156911250,25.399339285714284,57,168
940,0.4155361429,25.399339285714284,57,168
939,0.4112154821,25.399339285714284,57,168
938,0.4089287500,25.399339285714284,57,168
937,0.4105471667,25.399184523809524,57,168
936,0.4080183235,25.40634117647059,57,170
935,0.4109424529,25.346805882352943,57,170
934,0.4029690529,25.324541176470586,57,170
933,0.4038136000,25.324541176470586,57,170
932,0.4002172941,25.31843529411765,57,170
931,0.3970412353,25.318423529411767,57,170
930,0.4059603765,25.31840588235294,57,170
929,0.4106166235,25.31840588235294,57,170
928,0.4152072529,25.318370588235297,57,170
927,0.4183680941,25.280935294117647,57,170
926,0.4174613235,25.204111764705885,57,170
925,0.4176749294,25.2041,57,170
924,0.4224993706,25.2041,57,170
923,0.4174894647,25.2041,57,170
922,0.4199085235,25.19896470588235,57,170
921,0.4185331353,25.19896470588235,57,170
920,0.4169051118,25.19896470588235,57,170
919,0.4111835706,25.19039411764706,57,170
918,0.4117157353,25.160029411764704,57,170
917,0.4073960468,25.10278947368421,57,171
916,0.4055315205,25.10278947368421,57,171
915,0.4088786433,25.10278947368421,57,171
914,0.4128316257,25.10278947368421,57,171
913,0.4127534035,25.10278947368421,57,171
912,0.4030052632,25.09697660818713,57,171
911,0.4041045556,25.0916432748538,57,171
910,0.4057718187,25.09129239766082,57,171
909,0.4006959415,25.09129239766082,57,171
908,0.4086193743,25.07316374269006,57,171
907,0.4069490936,25.073157894736845,57,171
906,0.4037543684,25.073157894736845,57,171
905,0.4041151813,25.04329239766082,57,171
904,0.4057386491,25.037812865497077,57,171
903,0.4053398713,25.037777777777777,57,171
902,0.4033826550,25.02697076023392,57,171
901,0.4082566842,25.02697076023392,57,171
900,0.4078251462,25.015251461988306,57,171
899,0.4135751520,25.015251461988306,57,171
898,0.4103037602,25.015233918128658,57,171
897,0.4118761754,24.98573684210526,57,171
896,0.4083152982,24.98573684210526,57,171
895,0.4094483509,24.985619883040936,57,171
894,0.4078673333,24.985619883040936,57,171
893,0.4062870058,24.985409356725146,57,171
892,0.4070629766,24.985409356725146,57,171
891,0.4128446784,24.985409356725146,57,171
890,0.4118802339,24.97852046783626,57,171
889,0.4093059591,24.96651461988304,57,171
888,0.4133741637,24.966362573099413,57,171
887,0.4131886023,24.925485380116957,57,171
886,0.4130561053,24.9253918128655,57,171
885,0.4102540000,24.919754385964914,57,171
884,0.4034632164,24.88456725146199,57,171
883,0.3987253158,24.88445029239766,57,171
882,0.4015278772,24.83687134502924,57,171
881,0.4109314737,24.81330994152047,57,171
880,0.4143098304,24.81330994152047,57,171
879,0.4099891579,24.81330994152047,57,171
878,0.4170531287,24.81326315789474,57,171
877,0.4097388012,24.81326315789474,57,171
876,0.4129396959,24.784298245614035,57,171
875,0.4108337427,24.784228070175438,57,171
874,0.4007628596,24.74468421052632,57,171
873,0.4039749298,24.74468421052632,57,171
872,0.4090822339,24.74468421052632,57,171
871,0.4064538129,24.74468421052632,57,171
870,0.4067317661,24.744672514619882,57,171
869,0.4095328012,24.744672514619882,57,171
868,0.3987917661,24.744526315789475,57,171
867,0.3994305322,24.74445614035088,57,171
866,0.4057934912,24.74445614035088,57,171
865,0.4092221170,24.74445614035088,57,171
864,0.4066213392,24.73885964912281,57,171
863,0.4065673567,24.732970760233915,57,171
862,0.4070409708,24.732970760233915,57,171
861,0.4079915789,24.727122807017544,57,171
860,0.4121397895,24.709801169590644,57,171
859,0.4145649357,24.697812865497077,57,171
858,0.4148452105,24.697812865497077,57,171
857,0.4154357076,24.69766081871345,57,171
856,0.4027487018,24.685549707602334,57,171
855,0.4041128596,24.685549707602334,57,171
854,0.4084233684,24.685514619883037,57,171
853,0.4155309649,24.678918128654967,57,171
852,0.4139045205,24.678918128654967,57,171
851,0.4155242865,24.676877192982452,57,171
850,0.4055115205,24.676877192982452,57,171
849,0.4042679708,24.676865497076022,57,171
848,0.3997969591,24.67678947368421,57,171
847,0.4048265640,24.64151162790698,57,172
846,0.4056091163,24.641383720930232,57,172
845,0.4055172616,24.641383720930232,57,172
844,0.4036977341,24.669549132947978,57,173
843,0.4009995607,24.66951445086705,57,173
842,0.4003386012,24.66951445086705,57,173
841,0.4009868035,24.66951445086705,57,173
840,0.4045520462,24.669468208092482,57,173
839,0.4082710578,24.669421965317916,57,173
838,0.4046021561,24.669421965317916,57,173
837,0.4074907572,24.669352601156067,57,173
836,0.4138688382,24.66349132947977,57,173
835,0.4113228613,24.66349132947977,57,173
834,0.4182068497,24.63989595375722,57,173
833,0.4243696936,24.633676300578024,57,173
832,0.4300088786,24.633676300578024,57,173
831,0.4269673121,24.633676300578024,57,173
830,0.4219301667,24.63247126436781,57,174
829,0.4142176264,24.632402298850568,57,174
828,0.4094255402,24.632402298850568,57,174
827,0.4061958851,24.632402298850568,57,174
826,0.4038960632,24.632402298850568,57,174
825,0.4078728621,24.6267356321839,57,174
824,0.4100109483,24.6267356321839,57,174
823,0.4018804770,24.626287356321836,57,174
822,0.4041361782,24.626287356321836,57,174
821,0.4096248161,24.626287356321836,57,174
820,0.4082382529,24.626287356321836,57,174
819,0.4115582356,24.626287356321836,57,174
818,0.4107906092,24.626287356321836,57,174
817,0.4078481782,24.626275862068958,57,174
816,0.4099652644,24.626275862068958,57,174
815,0.4109987759,24.62042528735632,57,174
814,0.4023367759,24.62042528735632,57,174
813,0.4060871724,24.62042528735632,57,174
812,0.4076624483,24.620241379310343,57,174
811,0.4050277759,24.620241379310343,57,174
810,0.4018383046,24.620241379310343,57,174
809,0.3977933333,24.620241379310343,57,174
808,0.3985777529,24.62020114942528,57,174
807,0.4019070115,24.62020114942528,57,174
806,0.4041145402,24.620040229885056,57,174
805,0.4034663276,24.61997701149425,57,174
804,0.4035262529,24.6199540229885,57,174
803,0.4085670460,24.619712643678156,57,174
802,0.4102853621,24.58377586206896,57,174
801,0.4071160517,24.554632183908037,57,174
800,0.4087100747,24.554632183908037,57,174
799,0.4129440345,24.554574712643674,57,174
798,0.4121246494,24.543729885057463,57,174
797,0.4117094310,24.543729885057463,57,174
796,0.4137852126,24.543706896551715,57,174
795,0.4123674310,24.53776436781608,57,174
794,0.4095433218,24.53776436781608,57,174
793,0.4123015920,24.53759195402298,57,174
792,0.4125722971,24.485245714285707,57,175
791,0.4029833143,24.485182857142853,57,175
790,0.4067573886,24.485182857142853,57,175
789,0.4128811429,24.485182857142853,57,175
788,0.4113626686,24.46755999999999,57,175
787,0.4155800457,24.46755999999999,57,175
786,0.4147264205,24.48484659090909,57,176
785,0.4070656648,24.484829545454545,57,176
784,0.4108473636,24.466761363636362,57,176
783,0.4106741193,24.466761363636362,57,176
782,0.4072599943,24.459829545454543,57,176
781,0.4029815795,24.459829545454543,57,176
780,0.4026862614,24.459829545454543,57,176
779,0.4047188352,24.459829545454543,57,176
778,0.3960365398,24.444125,57,176
777,0.4000946932,24.444113636363635,57,176
776,0.4071454148,24.444113636363635,57,176
775,0.4111519716,24.444102272727267,57,176
774,0.4039637841,24.42694318181818,57,176
773,0.4054892443,24.424715909090903,57,176
772,0.4100297670,24.424585227272726,57,176
771,0.4153937345,24.37961581920904,57,177
770,0.4226144689,24.379457627118644,57,177
769,0.4196796780,24.379457627118644,57,177
768,0.4219308249,24.379457627118644,57,177
767,0.4205164068,24.373734463276836,57,177
766,0.4165322260,24.373734463276836,57,177
765,0.4193113277,24.373734463276836,57,177
764,0.4119677401,24.373734463276836,57,177
763,0.4052721751,24.373723163841806,57,177
762,0.4130535989,24.373723163841806,57,177
761,0.4155926893,24.373723163841806,57,177
760,0.4124068644,24.373723163841806,57,177
759,0.4104878305,24.37362146892655,57,177
758,0.4096299661,24.37362146892655,57,177
757,0.4069142429,24.37362146892655,57,177
756,0.4029501808,24.367864406779656,57,177
755,0.3908555254,24.367864406779656,57,177
754,0.3951351469,24.367864406779656,57,177
753,0.4006225537,24.34447457627118,57,177
752,0.4007992994,24.34447457627118,57,177
751,0.4054914746,24.344338983050843,57,177
750,0.4098435311,24.344214689265534,57,177
749,0.4136985480,24.34414124293785,57,177
748,0.4174784915,24.34414124293785,57,177
747,0.4143604802,24.308728813559313,57,177
746,0.4114308814,24.30307909604519,57,177
745,0.4062405989,24.279966101694907,57,177
744,0.4055128362,24.26899999999999,57,177
743,0.4042265899,24.257949438202235,57,178
742,0.4111098258,24.252792134831452,57,178
741,0.4114550393,24.218853932584267,57,178
740,0.4132375787,24.213780898876397,57,178
739,0.4137929213,24.213780898876397,57,178
738,0.4159262697,24.213292134831452,57,178
737,0.4115176067,24.203084269662913,57,178
736,0.4126491067,24.197938202247187,57,178
735,0.4119164101,24.19194382022471,57,178
734,0.4097570337,24.19194382022471,57,178
733,0.4089031292,24.19194382022471,57,178
732,0.4078337584,24.191752808988756,57,178
731,0.4040403764,24.191752808988756,57,178
730,0.4065848146,24.191752808988756,57,178
729,0.4046869494,24.191584269662915,57,178
728,0.4046459270,24.191460674157298,57,178
727,0.4041844831,24.191258426966286,57,178
726,0.4010155056,24.191258426966286,57,178
725,0.4014177584,24.19124719101123,57,178
724,0.4056049382,24.19124719101123,57,178
723,0.4096911404,24.1909606741573,57,178
722,0.4189097978,24.1909606741573,57,178
721,0.4256644270,24.17953370786516,57,178
720,0.4215110112,24.17948314606741,57,178
719,0.4235824494,24.179404494382013,57,178
718,0.4203082921,24.179404494382013,57,178
717,0.4244275337,24.17930898876404,57,178
716,0.4141955730,24.14405056179774,57,178
715,0.4052328034,24.1438820224719,57,178
714,0.4097552865,24.1438820224719,57,178
713,0.4026164831,24.142702247191,57,178
712,0.4022240506,24.079994382022463,57,178
711,0.4030369775,24.07976404494381,57,178
710,0.4050657697,24.07976404494381,57,178
709,0.4037515225,24.07976404494381,57,178
708,0.4030826966,24.03953932584269,57,178
707,0.4033408652,24.039460674157294,57,178
706,0.4093191236,23.97605056179774,57,178
705,0.4123463652,23.97605056179774,57,178
704,0.4043236854,23.97605056179774,57,178
703,0.4081619101,23.966713483146062,57,178
702,0.4102773258,23.956241573033697,57,178
701,0.4110362135,23.93226404494381,57,178
700,0.4154695337,23.887876404494374,57,178
699,0.4179907472,23.887775280898868,57,178
698,0.4065593483,23.887775280898868,57,178
697,0.4083263989,23.853646067415724,57,178
696,0.4075372528,23.853646067415724,57,178
695,0.4116046180,23.842073033707855,57,178
694,0.4123984831,23.842073033707855,57,178
693,0.4076801404,23.830719101123588,57,178
692,0.4139100169,23.830674157303363,57,178
691,0.4129574551,23.800752808988758,57,178
690,0.4092373146,23.7037415730337,57,178
689,0.4082502135,23.698258426966287,57,178
688,0.4087562865,23.676056179775273,57,178
687,0.4040561854,23.675971910112352,57,178
686,0.4044542022,23.6759606741573,57,178
685,0.4015282416,23.663955056179766,57,178
684,0.3950216404,23.65294382022471,57,178
683,0.4020036629,23.647747191011227,57,178
682,0.4076437360,23.647747191011227,57,178
681,0.4116024157,23.63699438202246,57,178
680,0.4061752753,23.636556179775276,57,178
679,0.4121218483,23.636516853932577,57,178
678,0.4127646461,23.625140449438195,57,178
677,0.4174303483,23.625140449438195,57,178
676,0.4192380506,23.625140449438195,57,178
675,0.4170085000,23.567764044943814,57,178
674,0.4140379326,23.53345505617976,57,178
673,0.4086500337,23.527741573033694,57,178
672,0.4112712303,23.523775280898867,57,178
671,0.4042705787,23.51875280898875,57,178
670,0.4078992865,23.51311797752808,57,178
669,0.3957727584,23.51311797752808,57,178
668,0.3989661854,23.50761235955055,57,178
667,0.3965097584,23.50761235955055,57,178
666,0.3908453652,23.501938202247178,57,178
665,0.3986446067,23.499882022471898,57,178
664,0.4031585393,23.481488764044933,57,178
663,0.4041679326,23.47611797752808,57,178
662,0.4073796404,23.464151685393247,57,178
661,0.4099818258,23.418314606741564,57,178
660,0.4154803090,23.418314606741564,57,178
659,0.4160228202,23.41182022471909,57,178
658,0.4159267753,23.41182022471909,57,178
657,0.4122666573,23.411752808988755,57,178
656,0.4124836404,23.41058988764044,57,178
655,0.4147305169,23.404949438202237,57,178
654,0.4055278764,23.404949438202237,57,178
653,0.4005039494,23.400488764044937,57,178
652,0.4062736816,23.48480446927373,57,179
651,0.4044131341,23.48480446927373,57,179
650,0.3991055363,23.477564245810047,57,179
649,0.4022727151,23.477564245810047,57,179
648,0.4010381732,23.47746368715083,57,179
647,0.3985980782,23.460687150837977,57,179
646,0.3992586145,23.460687150837977,57,179
645,0.4050381899,23.460687150837977,57,179
644,0.4045304190,23.44827374301675,57,179
643,0.4069365587,23.44818435754189,57,179
642,0.4091522402,23.443502793296084,57,179
641,0.4095108045,23.443402234636864,57,179
640,0.4124506257,23.443402234636864,57,179
639,0.4094109106,23.43222905027932,57,179
638,0.4065635866,23.43202793296088,57,179
637,0.4042440056,23.407290502793284,57,179
636,0.4029378939,23.40725698324021,57,179
635,0.4058759441,23.407223463687142,57,179
634,0.4117494190,23.406519553072613,57,179
633,0.4061265475,23.406519553072613,57,179
632,0.4134496927,23.3840502793296,57,179
631,0.4198774860,23.37962569832401,57,179
630,0.4221258827,23.328195530726244,57,179
629,0.4144865642,23.31040223463686,57,179
628,0.4208180447,23.303787709497193,57,179
627,0.4179730894,23.28022905027932,57,179
626,0.4118739944,23.28022905027932,57,179
625,0.4127063799,23.26840223463686,57,179
624,0.4108026480,23.22326815642457,57,179
623,0.4105473966,23.212184357541886,57,179
622,0.4127689888,23.212184357541886,57,179
621,0.4073590615,23.17199441340781,57,179
620,0.4068091453,23.166100558659203,57,179
619,0.4064010056,23.132575418994403,57,179
618,0.4091942570,23.132486033519545,57,179
617,0.4045985140,23.132016759776526,57,179
616,0.4044987821,23.12673743016759,57,179
615,0.4039579274,23.126681564245803,57,179
614,0.4028299944,23.110212290502783,57,179
613,0.4065405419,23.088072625698317,57,179
612,0.4092699888,23.06444134078211,57,179
611,0.4161637542,23.025944134078202,57,179
610,0.4153212570,23.0217877094972,57,179
609,0.4100187374,23.0217877094972,57,179
608,0.4064858547,23.00808938547485,57,179
607,0.4079645698,23.001122905027923,57,179
606,0.4091724022,23.001122905027923,57,179
605,0.4048777821,23.001122905027923,57,179
604,0.3982628101,23.001122905027923,57,179
603,0.3956707933,22.989983240223456,57,179
602,0.3988767654,22.989983240223456,57,179
601,0.4004472291,22.989983240223456,57,179
600,0.4002461117,22.96669273743016,57,179
599,0.3988290503,22.966659217877087,57,179
598,0.3950482346,22.962016759776525,57,179
597,0.4016313184,22.94440223463686,57,179
596,0.4069372849,22.93877094972066,57,179
595,0.4121607486,22.938625698324014,57,179
594,0.4180130168,22.910804469273735,57,179
593,0.4185545978,22.910782122905022,57,179
592,0.4136785028,22.905094972067033,57,179
591,0.4152101955,22.905094972067033,57,179
590,0.4154194972,22.895290502793287,57,179
589,0.4169468492,22.883843575418986,57,179
588,0.4170231285,22.87285474860335,57,179
587,0.4184177877,22.872625698324015,57,179
586,0.4137621844,22.872374301675972,57,179
585,0.4109386257,22.871759776536305,57,179
584,0.4150984693,22.87145810055865,57,179
583,0.4106329274,22.871150837988818,57,179
582,0.4100301453,22.870418994413395,57,179
581,0.4021719106,22.870418994413395,57,179
580,0.4070953743,22.84707821229049,57,179
579,0.4105225251,22.847050279329597,57,179
578,0.4129422346,22.835871508379878,57,179
577,0.4132303575,22.835860335195516,57,179
576,0.4162017821,22.835860335195516,57,179
575,0.4134122011,22.83584916201116,57,179
574,0.4193896927,22.78972067039105,57,179
573,0.4176553073,22.789245810055853,57,179
572,0.4187942067,22.789245810055853,57,179
571,0.4132908324,22.78918994413407,57,179
570,0.4157713520,22.789067039106136,57,179
569,0.4035893575,22.759033519553057,57,179
568,0.4070793240,22.75893296089384,57,179
567,0.4086773799,22.684698324022335,57,179
566,0.4064347486,22.684687150837973,57,179
565,0.4072386313,22.684273743016746,57,179
564,0.4070703240,22.684273743016746,57,179
563,0.4086759721,22.68425698324021,57,179
562,0.4121995251,22.672798882681555,57,179
561,0.4116794693,22.65662569832401,57,179
560,0.4142643296,22.651402234636862,57,179
559,0.4167773017,22.651385474860323,57,179
558,0.4148289162,22.60608379888267,57,179
557,0.4217279777,22.600340782122892,57,179
556,0.4098612179,22.588513966480434,57,179
555,0.4046123408,22.588513966480434,57,179
554,0.4088478492,22.58849162011172,57,179
553,0.4096412737,22.588424581005572,57,179
552,0.4092564860,22.57674301675976,57,179
551,0.4097615754,22.570871508379877,57,179
550,0.4094781676,22.570793296089374,57,179
549,0.4106066536,22.565050279329594,57,179
548,0.4119342179,22.559324022346356,57,179
547,0.4093981508,22.490418994413396,57,179
546,0.4062990726,22.47451955307261,57,179
545,0.4086486089,22.434854748603343,57,179
544,0.4130938045,22.434575418994402,57,179
543,0.4154822067,22.433597765363118,57,179
542,0.4054221173,22.399458100558643,57,179
541,0.4054712905,22.37141340782122,57,179
540,0.3997473464,22.337452513966465,57,179
539,0.4030465978,22.286653631284903,57,179
538,0.4038449944,22.264368715083783,57,179
537,0.4072836872,22.26434636871507,57,179
536,0.4080893575,22.26434636871507,57,179
535,0.4025817318,22.23506145251395,57,179
534,0.4084238212,22.229318435754173,57,179
533,0.4087274190,22.229318435754173,57,179
532,0.4081271453,22.217905027932947,57,179
531,0.4092864358,22.217905027932947,57,179
530,0.4096938324,22.21788268156423,57,179
529,0.4108358659,22.217849162011163,57,179
528,0.4055646425,22.21340782122904,57,179
527,0.3983150112,22.21339664804468,57,179
526,0.4047917821,22.190340782122895,57,179
525,0.4062277877,22.190340782122895,57,179
524,0.4047778101,22.071195530726246,57,179
523,0.4054706872,22.071078212290487,57,179
522,0.4033316760,22.071078212290487,57,179
521,0.4072406313,22.036687150837974,57,179
520,0.4047465810,22.036636871508367,57,179
519,0.4056769106,21.97980446927373,57,179
518,0.3987224358,21.974251396648032,57,179
517,0.3986677654,21.974122905027922,57,179
516,0.4063467095,21.97401117318435,57,179
515,0.4151068324,21.97401117318435,57,179
514,0.4153476760,21.97388826815642,57,179
513,0.4202584302,21.968301675977646,57,179
512,0.4160467486,21.945787709497196,57,179
511,0.4120116145,21.906525139664794,57,179
510,0.4105953575,21.833932960893844,57,179
509,0.4069546983,21.83363128491619,57,179
508,0.4067866425,21.83362569832401,57,179
507,0.4065638380,21.788882681564232,57,179
506,0.4084785028,21.755854748603337,57,179
505,0.4070362961,21.755854748603337,57,179
504,0.4045715307,21.75562011173183,57,179
503,0.4043914246,21.74116759776535,57,179
502,0.4032805251,21.74116759776535,57,179
501,0.4021971899,21.741134078212276,57,179
500,0.4036768492,21.713882681564233,57,179
499,0.4048959330,21.713882681564233,57,179
498,0.4102552626,21.70826256983239,57,179
497,0.4048803184,21.7082067039106,57,179
496,0.4083763352,21.702513966480435,57,179
495,0.4095013966,21.702502793296077,57,179
494,0.4103750112,21.69678770949719,57,179
493,0.4160166983,21.66206703910613,57,179
492,0.4122718380,21.65643575418993,57,179
491,0.4109014078,21.58633519553071,57,179
490,0.4108211508,21.58633519553071,57,179
489,0.4100788045,21.557033519553055,57,179
488,0.4108033408,21.53461452513965,57,179
487,0.4106564972,21.52815642458099,57,179
486,0.4040307222,21.500416666666652,57,180
485,0.4089222722,21.500416666666652,57,180
484,0.4073330111,21.500416666666652,57,180
483,0.4061763000,21.466611111111096,57,180
482,0.4016426833,21.46078333333332,57,180
481,0.4037345167,21.455749999999984,57,180
480,0.4055268722,21.421988888888873,57,180
479,0.4077358222,21.42185555555554,57,180
478,0.4088697000,21.42183888888887,57,180
477,0.4077486944,21.410561111111097,57,180
476,0.4047394944,21.410561111111097,57,180
475,0.4025032556,21.399449999999984,57,180
474,0.4095781111,21.39931666666665,57,180
473,0.4037744611,21.39929444444443,57,180
472,0.4009144278,21.384399999999985,57,180
471,0.3999301667,21.354299999999988,57,180
470,0.4034520000,21.354077777777764,57,180
469,0.4037114056,21.33693333333332,57,180
468,0.4068761722,21.33153333333332,57,180
467,0.4057860944,21.33152222222221,57,180
466,0.4064718389,21.331444444444433,57,180
465,0.4049811389,21.331444444444433,57,180
464,0.4061492444,21.331444444444433,57,180
463,0.4030472944,21.292216666666654,57,180
462,0.4042486444,21.269494444444433,57,180
461,0.3942188611,21.252144444444433,57,180
460,0.4010051722,21.229861111111102,57,180
459,0.4035224056,21.229861111111102,57,180
458,0.4028739556,21.218555555555543,57,180
457,0.4078998167,21.134099999999986,57,180
456,0.4128149500,21.088194444444433,57,180
455,0.4050773444,21.06542222222221,57,180
454,0.4035284500,21.06542222222221,57,180
453,0.4021370167,21.030216666666654,57,180
452,0.4039389722,21.030127777777768,57,180
451,0.4074167944,20.995627777777766,57,180
450,0.3984793333,20.995527777777767,57,180
449,0.4023541056,20.98997222222221,57,180
448,0.4044316278,20.989461111111098,57,180
447,0.4055902056,20.98918333333332,57,180
446,0.4100443167,20.978049999999985,57,180
445,0.4142381556,20.95023333333332,57,180
444,0.4202461500,20.95009999999998,57,180
443,0.4184183556,20.944533333333318,57,180
442,0.4163274944,20.94450555555554,57,180
441,0.4169083444,20.93350555555554,57,180
440,0.4180010944,20.899955555555543,57,180
439,0.4185138333,20.899622222222206,57,180
438,0.4177515278,20.88279444444443,57,180
437,0.4157982833,20.88259444444443,57,180
436,0.4099099556,20.882438888888874,57,180
435,0.4061560500,20.882394444444426,57,180
434,0.4131064278,20.882394444444426,57,180
433,0.4157531333,20.882272222222202,57,180
432,0.4113343278,20.876555555555537,57,180
431,0.4108567833,20.848955555555538,57,180
430,0.4115298167,20.83774444444443,57,180
429,0.4078816056,20.832483333333315,57,180
428,0.4073884444,20.83245555555554,57,180
427,0.4032047333,20.832311111111096,57,180
426,0.4034180278,20.826622222222205,57,180
425,0.4090750111,20.826616666666652,57,180
424,0.4086563111,20.82648333333332,57,180
423,0.4088175556,20.82648333333332,57,180
422,0.4074448278,20.82146666666665,57,180
421,0.4041554111,20.82046666666665,57,180
420,0.4029298833,20.814838888888872,57,180
419,0.4109507944,20.814827777777758,57,180
418,0.4126486833,20.814672222222203,57,180
417,0.4105111333,20.81462777777776,57,180
416,0.4087249556,20.81462777777776,57,180
415,0.4008156722,20.81462777777776,57,180
414,0.4026738611,20.80881111111109,57,180
413,0.4070370222,20.780544444444423,57,180
412,0.4077658667,20.780533333333313,57,180
411,0.4103628944,20.689599999999984,57,180
410,0.4135037167,20.689599999999984,57,180
409,0.4155214778,20.649966666666646,57,180
408,0.4131515056,20.649966666666646,57,180
407,0.4092401278,20.545577777777762,57,180
406,0.4133020000,20.544372222222208,57,180
405,0.4102247444,20.544372222222208,57,180
404,0.4130219222,20.544372222222208,57,180
403,0.4118916389,20.539377777777766,57,180
402,0.4068031333,20.533972222222207,57,180
401,0.4112064000,20.516349999999985,57,180
400,0.4134256556,20.516344444444428,57,180
399,0.4072968000,20.516344444444428,57,180
398,0.4002309444,20.51629444444443,57,180
397,0.4047485944,20.51065555555554,57,180
396,0.3986917778,20.51065555555554,57,180
395,0.3991249889,20.510577777777765,57,180
394,0.4010540111,20.505188888888878,57,180
393,0.4024093278,20.45988333333332,57,180
392,0.4028800222,20.443294444444433,57,180
391,0.4072790722,20.443294444444433,57,180
390,0.4073600889,20.426316666666654,57,180
389,0.4096839833,20.4262611111111,57,180
388,0.4055404333,20.39244999999999,57,180
387,0.4089232667,20.392211111111102,57,180
386,0.4091975333,20.380916666666657,57,180
385,0.4080275000,20.37529999999999,57,180
384,0.4087937000,20.370066666666656,57,180
383,0.4122687167,20.364505555555546,57,180
382,0.4135227444,20.35359999999999,57,180
381,0.4123833056,20.35358888888888,57,180
380,0.4074972167,20.30269999999999,57,180
379,0.4060681111,20.302622222222208,57,180
378,0.4017951111,20.285799999999984,57,180
377,0.4036021833,20.28117222222221,57,180
376,0.3994774000,20.25260555555554,57,180
375,0.4053576222,20.24710555555554,57,180
374,0.4073416278,20.23022777777776,57,180
373,0.4069730444,20.23022777777776,57,180
372,0.4050969833,20.23006666666665,57,180
371,0.4106675389,20.21192777777776,57,180
370,0.4109038111,20.205944444444427,57,180
369,0.4095869056,20.134599999999978,57,180
368,0.4059749333,20.134599999999978,57,180
367,0.4065282944,20.134577777777757,57,180
366,0.4033815167,20.134533333333312,57,180
365,0.4100844611,20.130355555555536,57,180
364,0.4085987278,20.09156111111109,57,180
363,0.4138398500,20.084749999999982,57,180
362,0.4166540778,20.08461111111109,57,180
361,0.4124183944,20.078961111111088,57,180
360,0.4037197944,20.07868888888887,57,180
359,0.4095418778,20.07868888888887,57,180
358,0.4152849944,20.07868888888887,57,180
357,0.4163185778,20.07868888888887,57,180
356,0.4133520833,20.07866666666665,57,180
355,0.4130252889,20.078599999999977,57,180
354,0.4129053556,20.050538888888866,57,180
353,0.4172252944,20.050538888888866,57,180
352,0.4123920444,20.050105555555533,57,180
351,0.4140943611,20.050105555555533,57,180
350,0.4088056167,20.04440555555553,57,180
349,0.4094174111,19.99136111111109,57,180
348,0.4066550500,19.98587777777776,57,180
347,0.4100234611,19.98578888888887,57,180
346,0.4120338111,19.980499999999978,57,180
345,0.4089118889,19.980144444444424,57,180
344,0.4071387722,19.945994444444423,57,180
343,0.4117381667,19.945794444444424,57,180
342,0.4076347000,19.945794444444424,57,180
341,0.4080578000,19.940066666666645,57,180
340,0.4072776111,19.939383333333314,57,180
339,0.4108234389,19.933349999999983,57,180
338,0.4161141500,19.928361111111094,57,180
337,0.4039262444,19.90569444444443,57,180
336,0.4075517056,19.88897777777776,57,180
335,0.4026599167,19.85448888888887,57,180
334,0.4071857389,19.802972222222206,57,180
333,0.4010244333,19.802972222222206,57,180
332,0.4049141500,19.80290555555554,57,180
331,0.4010636667,19.80215555555554,57,180
330,0.4021514778,19.796094444444428,57,180
329,0.4041623667,19.752477777777763,57,180
328,0.4071736500,19.752477777777763,57,180
327,0.4119067278,19.752477777777763,57,180
326,0.4111716556,19.752477777777763,57,180
325,0.4180393833,19.74690555555554,57,180
324,0.4217421944,19.741866666666652,57,180
323,0.4199874111,19.707766666666654,57,180
322,0.4163454167,19.680988888888876,57,180
321,0.4126022611,19.68023333333332,57,180
320,0.4080707111,19.577649999999988,57,180
319,0.4086428444,19.566744444444428,57,180
318,0.4026433500,19.56621666666665,57,180
317,0.4030856000,19.566027777777762,57,180
316,0.4062864889,19.560861111111095,57,180
315,0.4050386222,19.559199999999983,57,180
314,0.4060067778,19.531133333333315,57,180
313,0.4090685556,19.41971111111109,57,180
312,0.4074639944,19.41971111111109,57,180
311,0.4104241000,19.413755555555536,57,180
310,0.4117065667,19.374033333333315,57,180
309,0.4102092667,19.362849999999984,57,180
308,0.4077216278,19.357361111111096,57,180
307,0.4077741000,19.357149999999987,57,180
306,0.4113224111,19.346977777777763,57,180
305,0.4090922333,19.33733333333332,57,180
304,0.4083378000,19.280799999999985,57,180
303,0.4108532944,19.264216666666655,57,180
302,0.4116189833,19.20148333333332,57,180
301,0.4164787944,19.20116666666665,57,180
300,0.4196720278,19.190272222222205,57,180
299,0.4206783500,19.173222222222208,57,180
298,0.4183556667,19.150383333333316,57,180
297,0.4146764278,19.10593333333332,57,180
296,0.4151683222,19.105866666666653,57,180
295,0.4123992889,19.105788888888878,57,180
294,0.4083278444,19.105777777777764,57,180
293,0.4038406389,19.087644444444436,57,180
292,0.4125024222,18.944183333333328,57,180
291,0.4122534056,18.94411666666666,57,180
290,0.4147007889,18.943972222222218,57,180
289,0.4132874167,18.93456666666666,57,180
288,0.4156881833,18.88302777777777,57,180
287,0.4110203556,18.88241666666666,57,180
286,0.4044109167,18.859322222222215,57,180
285,0.4033318222,18.81977222222221,57,180
284,0.4010206056,18.81953333333332,57,180
283,0.3992939556,18.81953333333332,57,180
282,0.4027949667,18.819416666666655,57,180
281,0.4035537222,18.761844444444435,57,180
280,0.3964404444,18.76183888888888,57,180
279,0.4016864833,18.73961666666666,57,180
278,0.4060324667,18.72236666666666,57,180
277,0.4102322833,18.65440555555555,57,180
276,0.4092596333,18.642872222222216,57,180
275,0.4110508556,18.603516666666657,57,180
274,0.4057205667,18.580283333333327,57,180
273,0.4107433722,18.558466666666657,57,180
272,0.4147031556,18.552722222222215,57,180
271,0.4176176222,18.50219999999999,57,180
270,0.4216162778,18.501922222222213,57,180
269,0.4219369000,18.456311111111102,57,180
268,0.4266967833,18.416566666666657,57,180
267,0.4251284278,18.416277777777772,57,180
266,0.4235424944,18.416272222222215,57,180
265,0.4230026056,18.41604999999999,57,180
264,0.4150911500,18.415983333333326,57,180
263,0.4080607667,18.409894444444436,57,180
262,0.4082463722,18.409661111111102,57,180
261,0.4129876444,18.374061111111107,57,180
260,0.4144214611,18.373761111111108,57,180
259,0.4148944833,18.294016666666664,57,180
258,0.4161818444,18.259088888888883,57,180
257,0.4108419889,18.185377777777767,57,180
256,0.4090019889,18.11069999999999,57,180
255,0.4010574222,18.09963888888888,57,180
254,0.4017118167,18.01378888888888,57,180
253,0.4003141611,18.0032611111111,57,180
252,0.4020990278,17.991805555555548,57,180
251,0.4026636667,17.969872222222214,57,180
250,0.4057005056,17.941511111111105,57,180
249,0.4043370889,17.85576666666666,57,180
248,0.4096764333,17.820599999999995,57,180
247,0.4101067444,17.708577777777773,57,180
246,0.4137532833,17.67528333333333,57,180
245,0.4179851889,17.67013333333333,57,180
244,0.4204087056,17.63600555555555,57,180
243,0.4199305667,17.59601666666666,57,180
242,0.4198293778,17.54426666666666,57,180
241,0.4165052111,17.470366666666656,57,180
240,0.4122836333,17.459322222222212,57,180
239,0.4167718500,17.431244444444435,57,180
238,0.4176800167,17.399527777777767,57,180
237,0.4190357833,17.38778888888888,57,180
236,0.4220903778,17.387655555555547,57,180
235,0.4207404944,17.38233888888888,57,180
234,0.4235406389,17.370644444444437,57,180
233,0.4201803111,17.303316666666657,57,180
232,0.4129331500,17.303194444444436,57,180
231,0.4143791889,17.2403111111111,57,180
230,0.4169233222,17.229255555555547,57,180
229,0.4118648000,17.17423888888888,57,180
228,0.4065045056,17.174183333333325,57,180
227,0.4114123167,17.162544444444435,57,180
226,0.4106634667,17.047816666666662,57,180
225,0.4129456389,17.047549999999998,57,180
224,0.4053718056,17.042177777777773,57,180
223,0.4053640556,17.04212777777777,57,180
222,0.4012909389,17.03652777777777,57,180
221,0.4059194556,17.026983333333327,57,180
220,0.4114191111,17.02678333333333,57,180
219,0.4108690944,17.024699999999996,57,180
218,0.4087884889,16.9533,57,180
217,0.4104570056,16.89120555555555,57,180
216,0.4100170111,16.859372222222223,57,180
215,0.4108449444,16.825972222222223,57,180
214,0.4140101722,16.808877777777777,57,180
213,0.4056920944,16.79628888888889,57,180
212,0.3997506333,16.784688888888887,57,180
211,0.4043753500,16.733777777777775,57,180
210,0.4123554944,16.67245555555555,57,180
209,0.4130228556,16.654027777777774,57,180
208,0.4157565667,16.558277777777775,57,180
207,0.4095228500,16.40118333333333,57,180
206,0.4077512333,16.390544444444437,57,180
205,0.4108870667,16.36973333333333,57,180
204,0.4146452722,16.25050555555555,57,180
203,0.4163773278,16.210161111111102,57,180
202,0.4169506000,16.08642777777777,57,180
201,0.4179372333,16.025922222222217,57,180
200,0.4137338222,16.003799999999995,57,180
199,0.4184712944,15.95272222222222,57,180
198,0.4173077833,15.885988888888887,57,180
197,0.4221903667,15.841911111111108,57,180
196,0.4228225000,15.76186111111111,57,180
195,0.4223495389,15.721466666666666,57,180
194,0.4207899722,15.693133333333332,57,180
193,0.4145906575,15.559220994475139,57,181
192,0.4108339392,15.378386740331493,57,181
191,0.4137259779,15.259491712707185,57,181
190,0.4154381768,15.18060220994475,56,181
189,0.4147332707,15.175071823204421,56,181
188,0.4143712983,15.145883977900557,56,181
187,0.4163085414,15.122303867403318,56,181
186,0.4181034365,15.007419889502767,56,181
185,0.4207982210,14.991801104972378,56,181
184,0.4235949503,14.89929834254144,56,181
183,0.4169882099,14.806762430939228,56,181
182,0.4180165470,14.721392265193371,56,181
181,0.4203892928,14.703977900552486,56,181
180,0.4202577403,14.62975690607735,56,181
179,0.4227948177,14.618679558011051,56,181
178,0.4175835967,14.487099447513812,56,181
177,0.4183295635,14.323690607734806,56,181
176,0.4211386243,14.266204419889503,56,181
175,0.4197174862,14.227364640883977,56,181
174,0.4174482431,14.188093922651932,56,181
173,0.4240529227,14.165712707182315,56,181
172,0.4224026188,14.165596685082868,56,181
171,0.4231253867,14.158850828729278,56,181
170,0.4263680276,14.090950276243097,56,181
169,0.4274164917,14.068016574585636,56,181
168,0.4208050552,14.049093922651933,56,181
167,0.4190140331,14.04860773480663,56,181
166,0.4208500442,14.04285082872928,56,181
165,0.4204398177,14.02668508287293,56,181
164,0.4279654530,13.992966850828731,56,181
163,0.4283557624,13.908911602209947,56,181
162,0.4263298956,13.883500000000003,56,182
161,0.4285947088,13.849521978021983,56,182
160,0.4287282527,13.843846153846158,56,182
159,0.4332650604,13.766115384615388,56,182
158,0.4344803791,13.714670329670328,56,182
157,0.4287885220,13.647763736263736,56,182
156,0.4313512692,13.585087912087909,56,182
155,0.4331632637,13.505752747252748,56,182
154,0.4291071484,13.466796703296703,56,182
153,0.4307339286,13.454296703296707,56,182
152,0.4269144670,13.326049450549455,43.882,182
151,0.4310895220,13.292989010989015,43.882,182
150,0.4332875769,13.24212087912088,43.882,182
149,0.4325259011,13.20717032967033,43.882,182
148,0.4351594890,13.166373626373625,43.882,182
147,0.4313069670,13.08770879120879,43.882,182
146,0.4346586593,13.05858241758242,43.882,182
145,0.4389315989,13.058500000000002,43.879,182
144,0.4396237143,13.02473076923077,43.879,182
143,0.4384167802,12.942252747252748,43.879,182
142,0.4339279231,12.861225274725276,43.879,182
141,0.4372147253,12.81652197802198,43.879,182
140,0.4372390275,12.753571428571432,43.879,182
139,0.4418300440,12.741994505494509,43.879,182
138,0.4427727747,12.724500000000003,43.879,182
137,0.4455960440,12.679906593406596,43.879,182
136,0.4448390824,12.666593406593407,43.879,182
135,0.4444958297,12.569752747252751,43.879,182
134,0.4488700604,12.50803296703297,43.879,182
133,0.4454349176,12.475401098901102,43.879,182
132,0.4485894835,12.364840659340661,43.879,182
131,0.4489821648,12.290609890109893,43.879,182
130,0.4521941978,12.234115384615386,43.879,182
129,0.4467091703,12.063554945054948,43.879,182
128,0.4523102418,12.038439560439564,43.879,182
127,0.4533051374,11.943175824175826,43.879,182
126,0.4509434176,11.83821978021978,43.879,182
125,0.4484392418,11.821807692307692,43.879,182
124,0.4526485000,11.682313186813182,43.879,182
123,0.4546052088,11.611708791208788,43.879,182
122,0.4544663681,11.54972527472527,43.879,182
121,0.4565136264,11.498038461538458,43.879,182
120,0.4539873022,11.396434065934065,43.879,182
119,0.4553246538,11.330983516483514,43.879,182
118,0.4585829670,11.275401098901098,43.879,182
117,0.4595365165,11.254686813186812,43.879,182
116,0.4613636758,11.09620879120879,43.879,182
115,0.4637790110,10.978989010989007,43.879,182
114,0.4675043077,10.910236263736259,43.879,182
113,0.4707221154,10.803483516483512,43.879,182
112,0.4702074890,10.729186813186807,43.879,182
111,0.4745907857,10.705917582417577,43.879,182
110,0.4756510879,10.494054945054938,43.879,182
109,0.4761728901,10.36462087912087,43.879,182
108,0.4801286484,10.248109890109882,43.879,182
107,0.4815133407,10.194109890109884,43.879,182
106,0.4814793462,9.92793406593406,43.879,182
105,0.4818513791,9.824181318681315,43.879,182
104,0.4833490330,9.764181318681315,43.879,182
103,0.4861330604,9.725747252747249,43.879,182
102,0.4878812802,9.621780219780213,43.879,182
101,0.4916640275,9.582076923076917,43.879,182
100,0.4894954560,9.427785714285712,43.879,182
99,0.4927207363,9.317241758241755,43.879,182
98,0.4959976593,9.254472527472524,43.879,182
97,0.4946346868,9.099791208791205,43.879,182
96,0.5006613626,9.05400549450549,43.879,182
95,0.5034666319,8.93456593406593,43.879,182
94,0.5073837747,8.789032967032961,43.879,182
93,0.5086915769,8.771340659340655,43.879,182
92,0.5124010659,8.567021978021977,43.879,182
91,0.5138111484,8.22010989010989,33.518,182
90,0.5174366648,8.18615934065934,33.518,182
89,0.5184370000,8.096137362637366,33.517,182
88,0.5226645055,8.038681318681322,33.517,182
87,0.5277597692,7.876236263736267,33.517,182
86,0.5288586230,7.707885245901642,33.515,183
85,0.5304191311,7.5808961748633905,31.495,183
84,0.5341754536,7.486000000000003,31.495,183
83,0.5362075082,7.229546448087435,27.514,183
82,0.5387437705,7.105918032786885,27.514,183
81,0.5409043224,7.0000655737704935,27.514,183
80,0.5418437049,6.865759562841532,27.514,183
79,0.5441536667,6.766409836065576,22.511,183
78,0.5472749508,6.66698360655738,22.511,183
77,0.5504047049,6.5733770491803325,22.511,183
76,0.5534227705,6.394404371584705,21.527,183
75,0.5565204317,6.32680327868853,21.527,183
74,0.5577431749,6.112245901639349,21.527,183
73,0.5604319891,6.049530054644814,21.527,183
72,0.5618269508,5.926087431693993,21.527,183
71,0.5637998470,5.831557377049185,21.527,183
70,0.5666245464,5.732213114754103,21.527,183
69,0.5698685738,5.646256830601097,21.423,183
68,0.5721457760,5.543983606557383,21.423,183
67,0.5740098415,5.450442622950826,21.306,183
66,0.5759809290,5.389453551912575,21.306,183
65,0.5787186503,5.261355191256835,21.306,183
64,0.5806360710,5.239628415300551,21.306,183
63,0.5826576120,5.110174863387983,21.306,183
62,0.5862026831,4.942158469945359,21.306,183
61,0.5877068634,4.8553934426229555,21.306,183
60,0.5893146776,4.617098360655743,21.306,183
59,0.5912494536,4.539010928961752,21.306,183
58,0.5935419891,4.457437158469949,21.306,183
57,0.5953939454,4.352486338797818,21.306,183
56,0.5975058579,4.30871584699454,21.306,183
55,0.5988876230,4.253852459016397,20.267,183
54,0.6017072678,4.15518579234973,20.267,183
53,0.6029629344,4.073502732240439,20.267,183
52,0.6056161694,4.04078142076503,20.267,183
51,0.6081899454,3.954415300546451,20.267,183
50,0.6111140874,3.8652568306010964,20.267,183
49,0.6126378087,3.78286885245902,20.267,183
48,0.6138176557,3.6999562841530085,20.267,183
47,0.6167451148,3.5895081967213134,20.267,183
46,0.6172408033,3.5055300546448103,20.267,183
45,0.6181079235,3.4597868852459035,20.267,183
44,0.6213277104,3.3701366120218594,20.267,183
43,0.6226488142,3.3247868852459024,20.267,183
42,0.6245744645,3.2817704918032793,20.267,183
41,0.6259496448,3.2168743169398915,20.267,183
40,0.6275524262,3.1768087431693988,20.267,183
39,0.6299809563,3.1147486338797816,20.267,183
38,0.6312104590,3.0371256830601085,20.267,183
37,0.6323522131,2.993262295081966,20.267,183
36,0.6341051148,2.8978196721311464,20.267,183
35,0.6350701530,2.8810983606557365,20.267,183
34,0.6375145847,2.8633551912568294,20.267,183
33,0.6391510164,2.789174863387977,16.547,183
32,0.6402916776,2.761579234972676,16.547,183
31,0.6424987322,2.711765027322403,16.547,183
30,0.6446832896,2.700245901639343,16.547,183
29,0.6463659071,2.678185792349726,16.547,183
28,0.6486088142,2.5738360655737695,16.547,183
27,0.6503978907,2.545999999999998,16.547,183
26,0.6527030000,2.539218579234971,16.547,183
25,0.6549313880,2.527868852459014,16.547,183
24,0.6565079454,2.4769617486338777,16.547,183
23,0.6591448634,2.4109945355191242,16.547,183
22,0.6604321694,2.381808743169398,16.547,183
21,0.6630275574,2.352999999999999,16.547,183
20,0.6646041585,2.3139836065573753,16.547,183
19,0.6659876066,2.3061147540983593,16.547,183
18,0.6678051038,2.2877978142076483,16.547,183
17,0.6700005082,2.2532076502732217,16.547,183
16,0.6714416776,2.234836065573768,16.547,183
15,0.6735403115,2.217901639344259,16.547,183
14,0.6751350055,2.1776010928961718,16.547,183
13,0.6769161803,2.133098360655735,16.547,183
12,0.6792711694,2.0825901639344244,16.547,183
11,0.6810535464,2.069688524590162,16.547,183
10,0.6829468306,2.019677595628414,16.547,183
9,0.6848121530,1.9164535519125663,6.066,183
8,0.6867862077,1.8871147540983586,6.066,183
7,0.6893893934,1.8085027322404361,6.066,183
6,0.6919476175,1.7419398907103811,5.052,183
5,0.6949995574,1.69095081967213,5.052,183
4,0.6971010383,1.5798633879781412,3.098,183
3,0.6986436339,1.4905846994535514,3.055,183
2,0.7017056995,1.3411311475409826,3.055,183
1,0.7500854536,1.1707431693989063,3.03,183
